userId,(no genres listed),Action,Adventure,Animation,Children,Comedy,Crime,Documentary,Drama,Fantasy,Film-Noir,Horror,IMAX,Musical,Mystery,Romance,Sci-Fi,Thriller,War,Western
1,0.0,0.7,0.975,0.3,0.25,0.5,0.25,0.0,0.9,0.425,0.0,0.3,0.0,0.15,0.0,0.175,0.6,0.85,0.1,0.15
2,0.0,0.829,0.592,0.289,0.368,1.303,0.434,0.0,1.855,0.447,0.0,0.184,0.105,0.197,0.211,1.039,0.25,0.921,0.25,0.132
3,0.0,1.088,0.647,0.225,0.265,1.275,0.725,0.216,1.922,0.294,0.0,0.265,0.225,0.098,0.147,0.716,0.431,0.765,0.49,0.078
4,0.0,1.299,1.319,0.554,0.931,1.868,0.775,0.039,1.225,0.828,0.025,0.348,0.025,0.569,0.221,0.618,0.897,0.868,0.093,0.015
5,0.0,0.48,0.765,0.39,0.545,2.19,0.345,0.11,1.485,0.525,0.0,0.155,0.2,0.425,0.2,1.51,0.28,0.435,0.16,0.0
6,0.0,1.114,1.273,0.318,0.364,1.057,0.557,0.0,1.614,0.67,0.0,0.227,0.17,0.136,0.193,0.33,0.75,0.557,0.284,0.0
7,0.0,1.307,1.33,0.557,0.602,1.489,0.455,0.0,1.159,0.489,0.0,0.057,0.068,0.318,0.057,0.5,0.955,0.545,0.205,0.057
8,0.0,1.06,0.733,0.091,0.181,1.047,1.086,0.026,1.884,0.332,0.06,0.233,0.069,0.03,0.483,0.737,0.453,1.159,0.211,0.0
9,0.0,0.578,0.422,0.222,0.133,1.156,0.778,0.0,2.489,0.4,0.0,0.178,0.0,0.089,0.156,1.378,0.378,0.8,0.244,0.0
10,0.0,1.674,1.109,0.0,0.0,0.935,0.543,0.0,1.326,0.196,0.0,0.522,0.0,0.065,0.326,0.587,0.674,1.217,0.087,0.043
11,0.0,1.434,1.237,0.0,0.276,0.974,1.355,0.618,2.066,0.105,0.105,0.105,0.697,0.0,0.579,0.237,0.487,1.592,0.237,0.263
12,0.0,0.738,0.426,0.098,0.115,1.246,0.213,0.082,1.131,0.164,0.0,0.492,0.0,0.131,0.164,0.426,0.557,0.574,0.0,0.082
13,0.0,0.849,1.453,0.604,0.953,1.481,0.594,0.0,2.094,0.792,0.0,0.057,0.387,0.208,0.274,0.736,0.406,0.491,0.415,0.179
14,0.0,1.0,1.25,0.7,1.1,1.8,0.0,0.0,0.3,0.55,0.0,0.0,0.0,0.2,0.0,0.3,1.2,0.3,0.0,0.0
15,0.0,0.69,0.461,0.104,0.098,0.931,0.472,0.164,1.231,0.181,0.042,0.132,0.118,0.045,0.245,0.449,0.398,0.743,0.105,0.031
16,0.0,0.776,0.517,0.0,0.0,1.569,0.828,0.0,2.0,0.103,0.0,0.0,0.0,0.0,0.31,1.741,0.724,1.103,0.276,0.138
17,0.0,0.682,0.377,0.037,0.032,0.671,1.142,0.044,2.161,0.248,0.273,0.533,0.006,0.051,1.008,0.588,0.729,1.793,0.145,0.043
18,0.0,1.039,0.647,0.0,0.0,0.902,0.49,0.0,1.51,0.137,0.0,0.059,0.0,0.0,0.235,0.843,0.49,1.471,0.0,0.0
19,0.0,0.771,0.574,0.156,0.241,0.993,0.598,0.028,1.785,0.286,0.092,0.322,0.026,0.189,0.329,0.742,0.423,0.939,0.255,0.092
20,0.0,0.811,1.163,0.551,0.551,1.5,0.286,0.0,1.464,0.311,0.0,0.041,0.148,0.189,0.133,0.806,0.439,0.444,0.352,0.051
21,0.0,1.037,1.0,0.154,0.352,0.957,0.389,0.0,1.488,0.389,0.043,0.296,0.019,0.358,0.235,0.586,0.784,0.772,0.444,0.154
22,0.0,1.598,1.064,0.23,0.259,0.941,0.655,0.0,0.789,0.607,0.02,0.566,0.089,0.125,0.561,0.355,1.034,1.318,0.075,0.041
23,0.0,0.624,0.55,0.09,0.121,0.972,0.681,0.047,2.353,0.253,0.111,0.165,0.069,0.106,0.384,0.826,0.323,0.793,0.289,0.074
24,0.0,1.905,1.619,0.286,0.143,0.905,1.286,0.0,1.619,0.0,0.0,0.143,0.143,0.143,0.19,0.714,0.476,2.19,0.381,0.19
25,0.0,0.923,0.731,0.115,0.192,1.346,0.731,0.0,1.231,0.423,0.0,0.077,0.0,0.192,0.192,0.462,0.731,1.346,0.0,0.0
26,0.0,1.468,0.811,0.294,0.262,1.192,1.523,0.02,1.663,0.262,0.023,0.055,0.233,0.0,0.509,0.311,0.506,1.448,0.195,0.044
27,0.0,0.174,0.174,0.0,0.0,0.696,1.174,0.0,2.696,0.0,0.0,0.435,0.0,0.0,0.565,0.826,0.174,1.565,0.435,0.0
28,0.0,0.6,0.54,0.0,0.04,1.34,0.86,0.0,2.74,0.12,0.28,0.1,0.0,0.1,0.6,1.52,0.36,1.14,0.64,0.0
29,0.0,1.273,0.341,0.0,0.068,0.591,0.455,0.0,1.159,0.477,0.0,1.023,0.659,0.0,0.227,0.159,0.818,1.159,0.205,0.0
30,0.0,0.59,0.372,0.082,0.178,1.276,0.716,0.027,2.211,0.202,0.049,0.197,0.013,0.153,0.345,0.713,0.264,1.032,0.167,0.092
31,0.0,1.333,0.855,0.29,0.29,1.326,1.196,0.058,2.072,0.732,0.0,0.0,0.37,0.109,0.304,0.406,0.696,0.935,0.312,0.058
32,0.0,1.708,1.25,0.167,0.375,1.125,0.583,0.0,1.5,0.396,0.0,0.0,0.208,0.167,0.062,0.562,0.604,0.979,0.271,0.333
33,0.0,0.355,0.464,0.029,0.109,2.13,0.478,0.152,0.935,0.203,0.0,0.391,0.0,0.058,0.254,0.551,0.123,0.58,0.007,0.0
34,0.0,1.214,0.861,0.064,0.075,0.701,0.706,0.091,1.989,0.198,0.102,0.668,0.043,0.134,0.481,0.342,1.021,1.294,0.519,0.214
35,0.0,0.575,0.2,0.075,0.075,0.95,0.7,0.0,1.35,0.125,0.0,0.1,0.0,0.15,0.0,0.875,0.325,0.75,0.05,0.0
36,0.0,0.51,0.365,0.096,0.183,1.317,0.702,0.038,2.231,0.125,0.0,0.163,0.0,0.096,0.115,0.913,0.24,0.981,0.135,0.087
37,0.0,0.656,0.75,0.969,1.094,1.844,0.344,0.0,2.031,0.281,0.0,0.0,0.312,0.625,0.0,2.125,0.188,0.344,0.281,0.0
38,0.0,0.811,0.73,0.18,0.14,0.914,1.027,0.086,3.288,0.293,0.0,0.041,0.252,0.135,0.491,0.734,0.401,0.64,0.486,0.032
39,0.0,1.581,0.726,0.097,0.097,0.935,1.097,0.081,1.161,0.226,0.0,0.935,0.113,0.097,0.452,0.258,0.516,1.855,0.129,0.113
40,0.0,2.174,1.686,0.302,0.302,0.977,1.058,0.0,2.058,0.651,0.0,0.105,0.616,0.105,0.965,0.442,1.593,1.895,0.186,0.093
41,0.0,1.869,1.372,0.093,0.296,0.716,0.153,0.0,1.083,0.394,0.02,0.495,0.04,0.405,0.214,0.319,2.382,1.171,0.075,0.018
42,0.0,2.5,2.05,0.264,0.336,0.507,0.879,0.0,1.386,0.65,0.0,0.093,0.864,0.057,0.357,0.379,1.571,1.471,0.371,0.0
43,0.0,0.418,0.491,0.218,0.427,2.091,0.155,0.0,1.209,0.3,0.0,0.182,0.0,0.173,0.109,0.818,0.245,0.3,0.191,0.027
44,0.0,1.36,1.16,0.16,0.16,1.08,0.24,0.0,1.04,0.28,0.0,0.0,0.0,0.0,0.36,0.8,0.56,1.64,0.0,0.0
45,0.0,0.238,0.333,0.0,0.0,1.119,0.452,0.0,2.071,0.548,0.214,0.333,0.0,0.19,0.238,1.262,0.405,0.857,0.024,0.0
46,0.0,1.923,1.538,0.385,0.872,2.128,1.641,0.0,1.795,1.013,0.0,0.128,0.897,0.0,0.385,0.256,0.641,0.897,0.256,0.0
47,0.0,1.947,1.526,0.316,0.526,1.053,1.053,0.0,1.158,0.421,0.0,0.211,0.184,0.184,0.289,0.447,0.842,1.816,0.342,0.079
48,0.0,1.084,0.996,0.833,0.517,1.047,0.409,0.208,1.443,0.631,0.009,0.446,0.455,0.08,0.369,0.467,0.907,0.917,0.149,0.029
49,0.0,1.717,2.02,0.051,0.465,0.859,0.121,0.0,1.485,0.535,0.0,0.081,0.0,0.152,0.081,0.485,0.747,0.515,1.232,0.131
50,0.0,1.63,0.957,0.0,0.0,1.109,0.522,0.0,1.37,0.152,0.0,0.065,0.065,0.0,0.13,0.783,0.63,1.522,0.348,0.217
51,0.0,0.839,0.968,0.323,0.484,1.484,0.613,0.0,1.452,0.484,0.129,0.742,0.0,0.0,0.871,0.581,0.645,1.613,0.161,0.065
52,0.0,0.257,0.463,0.051,0.125,1.412,0.206,0.0,2.699,0.412,0.0,0.037,0.221,0.11,0.14,2.331,0.059,0.375,0.147,0.0
53,0.0,1.022,0.522,0.13,0.196,0.935,0.435,0.0,1.261,0.152,0.0,0.391,0.0,0.13,0.13,0.283,0.565,0.957,0.0,0.0
54,0.0,1.08,0.898,0.466,0.375,1.091,1.375,0.0,2.057,0.284,0.0,0.045,0.182,0.114,0.273,0.727,0.568,1.409,0.182,0.193
55,0.0,1.474,1.132,0.079,0.237,1.316,0.474,0.0,0.789,0.5,0.0,0.105,0.0,0.079,0.237,0.5,0.579,1.789,0.0,0.0
56,0.019,0.701,0.6,0.253,0.351,1.678,0.582,0.17,1.799,0.379,0.057,0.094,0.144,0.18,0.209,0.669,0.287,0.6,0.121,0.092
57,0.0,0.799,0.493,0.024,0.239,1.373,0.617,0.0,1.99,0.483,0.057,0.459,0.0,0.244,0.354,0.986,0.22,0.828,0.316,0.139
58,0.0,0.726,0.767,0.096,0.452,1.356,0.151,0.0,1.164,0.151,0.082,0.452,0.068,0.0,0.425,0.356,0.699,1.137,0.274,0.055
59,0.0,0.859,0.827,0.321,0.314,1.09,0.782,0.051,1.513,0.436,0.0,0.147,0.077,0.019,0.141,0.353,0.34,0.763,0.122,0.045
60,0.0,1.0,0.618,0.391,0.155,1.418,0.845,0.0,2.273,0.473,0.0,0.391,0.0,0.027,0.082,0.618,0.718,0.745,0.682,0.218
61,0.0,0.738,1.151,0.744,1.096,1.864,0.352,0.039,0.994,1.096,0.0,0.063,0.271,0.431,0.075,0.753,0.479,0.458,0.0,0.0
62,0.0,2.104,1.179,0.094,0.094,0.547,1.075,0.142,2.283,0.189,0.0,0.0,0.623,0.0,0.594,0.17,1.519,1.623,0.358,0.0
63,0.0,1.402,1.469,0.33,0.32,1.309,0.629,0.005,1.485,0.552,0.0,0.263,0.041,0.041,0.16,0.701,0.84,0.845,0.052,0.129
64,0.0,1.476,1.333,0.143,0.143,1.095,1.476,0.0,2.238,0.143,0.0,0.476,0.286,0.143,0.0,0.905,0.19,1.571,0.619,0.476
65,0.0,0.37,0.815,0.0,0.0,2.074,0.667,0.185,2.222,0.37,0.0,0.0,0.0,0.519,0.0,0.444,0.667,0.148,0.778,0.148
66,0.0,2.204,0.959,0.0,0.0,0.531,1.612,0.0,1.673,0.061,0.082,0.286,0.0,0.0,0.367,0.551,1.184,2.184,0.163,0.0
67,0.0,1.049,0.893,0.262,0.66,0.845,0.699,0.0,2.078,0.437,0.0,0.146,0.087,0.252,0.175,0.757,0.417,0.951,0.165,0.184
68,0.0,0.813,1.24,0.305,0.504,1.756,0.228,0.0,1.602,0.846,0.0,0.089,0.065,0.215,0.215,1.276,0.52,0.598,0.098,0.028
69,0.0,0.302,1.309,0.673,1.272,2.611,0.259,0.0,1.488,1.191,0.0,0.0,0.111,0.407,0.154,0.994,0.444,0.247,0.179,0.056
70,0.0,1.108,1.108,0.265,0.59,1.663,0.554,0.0,1.446,0.47,0.0,0.229,0.0,0.241,0.145,0.831,0.518,1.53,0.0,0.0
71,0.0,0.348,0.565,0.0,0.0,0.913,0.652,0.174,2.087,0.217,0.826,0.348,0.0,0.13,0.87,0.957,0.478,0.435,0.0,0.0
72,0.0,1.22,0.932,0.186,0.196,0.804,0.715,0.0,1.777,0.387,0.0,0.262,0.343,0.05,0.285,0.5,0.825,0.997,0.312,0.076
73,0.002,1.126,0.789,0.305,0.259,1.171,0.636,0.019,1.4,0.416,0.028,0.465,0.154,0.097,0.246,0.388,0.618,0.988,0.136,0.065
74,0.0,1.898,0.918,0.082,0.143,0.959,0.592,0.0,2.143,0.265,0.0,0.245,0.0,0.082,0.082,0.735,0.918,1.0,0.592,0.0
75,0.0,0.997,0.89,0.059,0.162,0.99,0.441,0.055,0.979,0.493,0.0,0.376,0.031,0.069,0.431,0.534,0.976,1.028,0.134,0.11
76,0.0,0.525,0.55,0.175,0.425,1.925,0.175,0.0,1.825,0.45,0.0,0.0,0.0,0.175,0.175,0.6,0.0,0.95,0.175,0.55
77,0.0,1.432,1.26,0.435,0.429,1.262,0.47,0.005,0.849,0.7,0.014,0.259,0.09,0.214,0.114,0.325,1.154,0.863,0.132,0.043
78,0.0,1.635,1.274,0.127,0.137,1.008,0.728,0.202,1.844,0.38,0.015,0.513,0.295,0.099,0.403,0.506,1.084,1.618,0.163,0.015
79,0.0,1.482,1.527,0.255,0.391,0.718,0.3,0.0,0.755,0.636,0.0,0.082,0.109,0.045,0.045,0.382,0.991,0.618,0.136,0.0
80,0.0,0.649,0.595,0.568,0.541,1.27,1.0,0.0,1.865,0.162,0.0,0.108,0.0,0.243,0.351,0.676,0.432,1.189,0.135,0.135
81,0.0,0.184,0.238,0.131,0.053,0.666,0.375,0.106,3.284,0.409,0.081,0.191,0.038,0.131,0.409,0.641,0.278,0.472,0.131,0.1
82,0.0,1.026,1.051,0.333,0.538,1.256,0.949,0.0,1.487,0.282,0.0,0.231,0.333,0.333,0.282,0.667,0.385,1.256,0.359,0.205
83,0.0,0.472,0.481,0.106,0.18,2.758,0.599,0.025,1.481,0.28,0.0,0.18,0.031,0.13,0.261,0.898,0.304,0.491,0.36,0.112
84,0.0,2.073,1.461,0.25,0.254,0.966,0.875,0.0,1.47,0.638,0.03,0.129,0.616,0.0,0.276,0.409,0.759,1.384,0.409,0.06
85,0.0,1.383,0.869,0.187,0.336,1.327,0.645,0.0,0.888,0.364,0.0,0.159,0.056,0.121,0.159,0.355,0.523,1.234,0.178,0.14
86,0.0,0.258,0.311,0.226,0.316,1.237,0.453,0.068,2.368,0.237,0.0,0.095,0.058,0.226,0.174,0.911,0.321,0.458,0.158,0.032
87,0.0,1.161,1.065,0.161,0.194,1.71,0.677,0.0,1.097,0.194,0.0,0.0,0.0,0.097,0.194,0.71,0.419,1.097,0.0,0.0
88,0.0,0.749,0.775,0.271,0.376,1.443,0.514,0.0,1.602,0.625,0.043,0.11,0.147,0.224,0.257,0.978,0.38,0.714,0.09,0.024
89,0.0,2.659,2.174,0.409,0.614,1.364,0.848,0.0,1.212,0.917,0.061,0.258,0.379,0.348,0.333,0.144,1.121,1.523,0.227,0.212
90,0.0,1.04,0.98,0.2,0.5,1.06,0.92,0.0,1.56,0.38,0.0,0.18,0.0,0.18,0.6,0.88,0.8,1.78,0.08,0.1
91,0.0,2.037,1.43,0.553,0.483,2.373,0.82,0.0,0.753,0.447,0.0,0.127,0.463,0.06,0.24,0.473,0.873,0.797,0.2,0.0
92,0.0,1.114,0.715,0.163,0.293,1.268,0.683,0.0,1.154,0.325,0.0,0.276,0.073,0.098,0.236,0.61,0.447,1.098,0.203,0.179
93,0.0,0.742,1.119,0.393,0.563,1.868,0.409,0.0,1.887,0.651,0.0,0.038,0.223,0.23,0.145,1.261,0.396,0.503,0.069,0.126
94,0.0,0.99,0.806,0.25,0.26,0.911,0.788,0.015,1.954,0.304,0.056,0.112,0.276,0.084,0.388,0.564,0.612,0.849,0.314,0.033
95,0.0,0.87,0.518,0.11,0.124,1.405,0.368,0.0,1.147,0.298,0.013,1.656,0.03,0.097,0.251,0.532,0.642,1.224,0.064,0.057
96,0.0,0.158,0.132,0.0,0.0,1.178,1.138,0.0,2.539,0.125,0.783,0.171,0.0,0.0,1.072,1.454,0.053,1.493,0.276,0.059
97,0.0,0.746,0.777,0.156,0.098,1.492,0.664,0.0,1.371,0.352,0.031,0.078,0.047,0.109,0.273,0.605,0.473,0.633,0.234,0.07
98,0.0,1.021,0.901,0.261,0.268,2.894,0.317,0.0,1.641,0.754,0.0,0.549,0.169,0.127,0.204,2.12,0.275,0.535,0.225,0.07
99,0.0,0.532,0.644,0.351,0.457,1.005,0.548,0.021,1.952,0.303,0.085,0.106,0.027,0.463,0.303,1.074,0.266,0.601,0.42,0.027
100,0.0,1.12,1.16,0.44,0.64,1.52,0.28,0.0,0.96,0.48,0.0,0.0,0.0,0.32,0.32,0.96,0.48,1.36,0.0,0.0
101,0.0,2.445,1.3,0.073,0.0,0.718,1.064,0.0,1.391,0.264,0.073,0.264,0.355,0.0,0.373,0.045,1.845,1.436,0.245,0.045
102,0.0,0.471,0.468,0.13,0.229,1.265,0.56,0.115,2.382,0.295,0.119,0.401,0.013,0.268,0.316,0.678,0.267,0.723,0.291,0.137
103,0.0,1.676,0.91,0.16,0.043,0.559,0.622,0.0,1.165,0.532,0.053,0.819,0.037,0.0,0.495,0.33,1.58,1.702,0.043,0.021
104,0.0,2.684,1.868,0.178,0.118,0.526,1.013,0.0,1.493,0.789,0.0,0.25,1.072,0.0,0.375,0.27,1.645,1.441,0.25,0.0
105,0.0,0.996,0.55,0.054,0.073,1.191,0.887,0.042,1.749,0.238,0.049,0.267,0.018,0.071,0.296,0.599,0.38,1.049,0.17,0.053
106,0.0,0.467,0.8,0.756,1.078,2.233,0.111,0.0,1.6,0.733,0.0,0.489,0.2,0.144,0.356,0.711,0.556,0.8,0.0,0.0
107,0.0,0.672,0.406,0.125,0.125,0.453,0.875,0.125,1.672,0.125,0.0,0.281,0.125,0.0,0.234,0.203,0.844,1.391,0.297,0.016
108,0.0,1.29,1.323,0.484,0.581,1.032,0.645,0.0,1.387,0.258,0.0,0.258,0.323,0.484,0.065,0.613,0.516,1.516,0.323,0.097
109,0.0,1.652,1.087,0.0,0.0,0.848,1.674,0.0,1.5,0.348,0.0,0.217,0.0,0.0,0.739,0.935,0.804,2.043,0.0,0.196
110,0.0,1.608,0.875,0.083,0.183,1.833,0.608,0.0,1.333,0.133,0.0,0.092,0.092,0.083,0.217,1.133,0.417,1.567,0.167,0.158
111,0.0,0.767,0.572,0.085,0.205,1.988,0.49,0.088,1.362,0.274,0.012,0.085,0.044,0.205,0.164,1.032,0.4,0.645,0.152,0.06
112,0.0,1.286,1.143,0.238,0.476,1.524,0.381,0.0,1.333,0.476,0.0,0.0,0.0,0.238,0.238,1.143,0.571,1.905,0.429,0.0
113,0.0,1.111,0.852,0.185,0.741,1.556,1.222,0.0,1.889,0.185,0.0,0.0,0.0,0.0,0.0,0.815,0.185,1.148,0.185,0.0
114,0.0,1.72,1.56,0.6,1.16,1.32,0.96,0.0,1.24,0.2,0.0,0.24,0.4,0.6,0.0,0.76,0.32,1.76,0.2,0.16
115,0.0,0.756,1.073,0.183,0.427,2.793,1.061,0.0,1.427,0.683,0.0,0.098,0.0,0.122,0.341,1.0,0.415,0.768,0.073,0.0
116,0.0,1.7,1.96,0.2,0.2,1.14,0.94,0.0,1.6,1.06,0.0,0.32,0.0,0.0,0.4,0.5,0.6,1.3,0.42,0.0
117,0.0,0.045,0.009,0.0,0.0,1.218,0.327,0.0,3.591,0.155,0.0,0.018,0.0,0.091,0.055,1.518,0.009,0.118,0.136,0.0
118,0.0,1.175,0.767,0.053,0.101,0.72,0.979,0.026,1.81,0.074,0.206,0.328,0.0,0.016,0.608,0.37,1.254,1.772,0.249,0.079
119,0.0,0.83,0.715,0.134,0.248,1.209,0.548,0.009,1.769,0.421,0.037,0.301,0.016,0.175,0.278,0.523,0.538,0.852,0.24,0.136
120,0.0,1.116,0.616,0.08,0.127,1.496,0.562,0.022,1.243,0.25,0.033,0.272,0.051,0.022,0.489,0.591,0.641,1.38,0.123,0.018
121,0.0,1.212,0.8,0.288,0.312,1.312,0.625,0.062,2.062,0.25,0.0,0.175,0.15,0.2,0.125,1.312,0.538,1.138,0.225,0.212
122,0.0,0.7,0.775,0.225,0.225,0.775,0.45,0.0,1.75,0.225,0.0,0.075,0.15,0.15,0.0,0.85,0.275,0.6,0.325,0.075
123,0.0,0.364,0.091,0.0,0.0,1.212,0.606,0.0,1.0,0.0,0.0,1.606,0.0,0.0,0.545,0.242,0.697,1.788,0.0,0.0
124,0.0,1.724,1.2,0.447,0.482,1.006,0.818,0.0,1.765,0.518,0.047,0.382,0.0,0.053,0.453,0.488,0.682,1.271,0.429,0.035
125,0.0,1.107,1.005,0.224,0.371,1.819,0.788,0.0,1.85,0.514,0.06,0.045,0.133,0.16,0.381,1.002,0.624,0.902,0.179,0.081
126,0.0,1.062,1.156,0.547,0.859,1.469,0.422,0.062,1.234,0.531,0.0,0.062,0.203,0.422,0.094,0.906,0.5,0.938,0.188,0.109
127,0.0,1.429,0.714,0.0,0.19,2.857,0.333,0.0,1.286,0.19,0.0,0.0,0.0,0.0,0.333,1.81,0.143,1.19,0.19,0.0
128,0.0,0.916,0.861,0.498,0.672,1.22,0.52,0.0,1.703,0.461,0.006,0.282,0.034,0.514,0.356,1.359,0.257,1.217,0.158,0.025
129,0.0,1.115,1.115,0.385,0.385,1.154,0.577,0.0,1.192,0.0,0.115,0.231,0.0,0.0,0.0,0.654,0.231,0.808,0.346,0.115
130,0.0,1.097,1.099,0.297,0.465,1.328,0.525,0.011,1.212,0.541,0.02,0.103,0.081,0.301,0.14,0.524,0.62,0.704,0.201,0.096
131,0.0,0.727,0.159,0.045,0.182,1.591,0.386,0.0,2.455,0.409,0.0,0.318,0.0,0.045,0.227,1.159,0.091,0.341,0.591,0.045
132,0.0,0.362,0.83,0.761,0.5,2.186,0.473,0.053,3.037,0.691,0.0,0.037,0.101,0.245,0.128,1.117,0.277,0.521,0.223,0.037
133,0.0,0.244,0.469,0.149,0.199,0.691,0.264,0.025,1.907,0.379,0.0,0.006,0.199,0.126,0.183,0.649,0.115,0.298,0.169,0.048
134,0.0,1.482,1.199,0.204,0.305,1.593,0.693,0.019,1.37,0.568,0.014,0.64,0.177,0.096,0.389,0.458,1.096,1.362,0.111,0.04
135,0.0,0.409,0.364,0.0,0.273,1.5,0.636,0.0,0.955,0.0,0.0,0.0,0.0,0.0,0.0,0.045,0.091,0.636,0.0,0.0
136,0.0,1.36,2.37,0.94,1.59,1.68,0.23,0.0,1.06,1.24,0.0,0.0,0.4,0.41,0.0,0.45,0.87,0.22,0.0,0.0
137,0.0,1.3,1.6,0.325,0.8,1.4,0.438,0.0,1.212,0.688,0.05,0.1,0.125,0.4,0.275,0.688,1.325,0.9,0.05,0.05
138,0.0,1.167,0.926,0.062,0.086,0.407,0.852,0.105,1.963,0.34,0.0,0.08,0.469,0.006,0.302,0.179,0.809,0.802,0.34,0.099
139,0.0,0.882,0.676,0.0,0.191,1.426,0.426,0.0,1.632,0.125,0.0,0.132,0.0,0.088,0.235,0.441,1.331,0.868,0.169,0.0
140,0.0,0.5,1.022,0.446,0.554,1.511,0.609,0.0,1.457,0.902,0.0,0.098,0.424,0.185,0.217,0.88,0.402,0.424,0.098,0.0
141,0.0,1.71,0.742,0.0,0.0,0.161,0.774,0.0,2.161,0.0,0.0,0.0,0.0,0.0,0.226,0.29,0.774,1.581,0.71,0.0
142,0.0,0.377,0.656,0.131,0.311,1.115,0.525,0.0,1.279,0.311,0.0,0.41,0.049,0.18,0.197,0.213,0.295,0.508,0.098,0.115
143,0.0,0.714,0.396,0.039,0.052,1.182,1.468,0.058,2.195,0.221,0.136,0.117,0.097,0.097,0.312,0.877,0.331,1.214,0.175,0.065
144,0.0,1.415,1.0,0.195,0.244,0.805,0.805,0.0,1.61,0.049,0.0,0.195,0.195,0.195,0.22,0.439,0.561,1.927,0.268,0.317
145,0.0,2.0,1.526,0.342,0.447,1.737,0.868,0.0,1.474,0.605,0.0,0.211,0.316,0.342,0.263,0.763,0.921,2.158,0.368,0.0
146,0.0,1.671,1.63,0.575,0.733,1.308,0.63,0.0,0.911,0.274,0.0,0.103,0.377,0.219,0.158,0.603,0.836,1.055,0.158,0.089
147,0.0,0.421,0.776,0.539,0.724,1.974,1.289,0.0,2.487,0.421,0.0,0.132,0.211,0.526,0.211,1.158,0.092,0.974,0.237,0.0
148,0.0,0.83,0.936,0.36,0.583,1.53,0.53,0.098,1.587,0.659,0.148,0.174,0.064,0.231,0.792,0.667,0.928,1.015,0.174,0.087
149,0.0,0.846,0.853,0.418,0.342,1.491,0.481,0.045,1.574,0.613,0.017,0.249,0.292,0.113,0.327,0.939,0.578,0.818,0.108,0.006
150,0.0,1.367,0.862,0.056,0.134,1.231,0.626,0.011,0.973,0.274,0.027,0.157,0.044,0.04,0.249,0.426,0.599,1.219,0.086,0.034
151,0.0,1.406,1.078,0.172,0.328,1.266,0.609,0.0,1.5,0.328,0.0,0.047,0.203,0.172,0.312,0.75,0.719,1.656,0.344,0.172
152,0.0,1.296,1.062,0.183,0.241,0.839,0.775,0.032,1.775,0.417,0.034,0.154,0.339,0.034,0.422,0.567,0.876,1.298,0.362,0.05
153,0.0,0.627,0.941,0.412,0.706,1.255,0.529,0.0,2.549,0.706,0.059,0.235,0.0,0.0,0.255,1.059,0.706,0.686,0.255,0.0
154,0.0,0.538,1.308,0.769,0.885,2.462,0.654,0.0,1.385,0.5,0.0,0.115,0.0,0.462,0.192,1.0,0.654,0.692,0.0,0.0
155,0.0,2.02,1.255,0.098,0.176,0.765,0.451,0.0,1.314,0.137,0.0,0.49,0.0,0.0,0.294,0.353,2.176,1.196,0.333,0.098
156,0.0,0.311,0.322,0.111,0.211,2.278,0.967,0.0,2.9,0.189,0.0,0.0,0.011,0.0,0.3,0.911,0.211,0.856,0.1,0.0
157,0.0,1.62,0.911,0.322,0.16,0.939,0.764,0.011,1.373,0.39,0.025,0.511,0.302,0.046,0.411,0.288,1.124,1.319,0.201,0.011
158,0.0,1.452,1.071,0.262,0.071,1.167,0.524,0.0,1.333,0.595,0.0,0.357,0.19,0.19,0.167,0.143,0.595,1.119,0.0,0.0
159,0.0,1.182,0.919,0.199,0.209,0.899,0.861,0.0,1.939,0.338,0.081,0.108,0.047,0.061,0.49,0.584,0.541,1.186,0.409,0.166
160,0.0,0.19,0.05,0.02,0.13,1.75,0.61,0.0,2.66,0.2,0.03,0.08,0.0,0.08,0.26,1.31,0.05,0.65,0.11,0.0
161,0.0,1.289,0.8,0.133,0.344,1.311,0.6,0.0,1.522,0.311,0.0,0.056,0.111,0.133,0.2,0.933,0.422,1.278,0.144,0.222
162,0.0,0.6,0.367,0.0,0.0,1.6,0.467,0.0,1.733,0.1,0.0,0.0,0.0,0.0,0.1,1.533,0.2,1.067,0.0,0.0
163,0.0,1.111,0.981,0.173,0.241,0.71,0.654,0.0,1.667,0.389,0.0,0.154,0.346,0.031,0.111,0.432,0.63,0.722,0.389,0.0
164,0.0,0.939,1.134,0.415,0.488,1.75,0.622,0.104,1.591,0.512,0.146,0.043,0.085,0.201,0.317,0.677,0.494,0.927,0.085,0.0
165,0.0,0.832,0.51,0.172,0.283,1.101,0.5,0.036,1.185,0.274,0.008,0.388,0.034,0.109,0.262,0.43,0.429,0.876,0.095,0.017
166,0.0,1.375,1.125,0.348,0.42,1.375,0.562,0.089,1.58,0.554,0.0,0.0,0.0,0.071,0.08,0.464,0.545,0.759,0.232,0.223
167,0.0,1.083,0.833,0.542,1.292,1.833,0.292,0.0,0.917,0.417,0.0,0.708,0.0,0.375,0.208,0.167,2.417,1.0,0.0,0.0
168,0.0,0.931,0.612,0.078,0.25,1.293,0.776,0.0,1.422,0.233,0.026,0.103,0.069,0.147,0.216,0.672,0.474,1.069,0.129,0.112
169,0.0,1.513,1.553,0.681,0.956,1.522,0.664,0.0,1.513,0.956,0.035,0.08,0.376,0.221,0.367,0.991,0.735,1.128,0.128,0.0
170,0.0,0.865,0.692,0.25,0.25,0.731,0.269,0.0,1.327,0.308,0.0,0.0,0.0,0.077,0.269,0.231,0.865,0.615,0.25,0.0
171,0.0,0.396,0.396,0.146,0.146,1.958,1.562,0.0,2.167,0.062,0.062,0.125,0.0,0.083,0.438,0.375,0.062,1.271,0.104,0.0
172,0.0,0.375,0.875,0.25,0.75,1.292,0.917,0.0,2.042,0.0,0.0,0.0,0.292,0.458,0.333,0.708,0.25,1.083,0.292,0.125
173,0.0,1.6,1.55,0.325,0.6,1.825,0.7,0.0,1.175,0.45,0.075,0.1,0.0,0.175,0.1,0.775,0.7,1.475,0.1,0.0
174,0.0,0.857,0.548,0.357,0.357,2.0,0.024,0.048,1.048,0.0,0.024,0.167,0.0,0.429,0.024,1.476,0.452,0.357,0.167,0.071
175,0.0,0.728,1.136,0.616,0.96,1.32,0.336,0.04,1.624,0.592,0.032,0.072,0.184,0.632,0.112,1.072,0.576,0.496,0.128,0.0
176,0.0,1.088,1.0,0.531,0.459,0.85,0.379,0.102,1.26,0.729,0.029,0.156,0.271,0.359,0.209,0.682,0.605,0.664,0.146,0.041
177,0.0,1.848,1.121,0.179,0.295,1.027,0.83,0.0,0.996,0.344,0.054,0.473,0.022,0.049,0.487,0.375,1.433,2.295,0.094,0.058
178,0.0,0.835,0.596,0.281,0.362,1.431,0.681,0.062,2.081,0.454,0.0,0.181,0.127,0.392,0.1,0.362,0.442,0.673,0.288,0.085
179,0.0,0.816,1.776,0.434,0.566,2.526,0.118,0.0,1.461,1.605,0.0,0.0,0.316,0.0,0.342,1.118,0.263,0.474,0.0,0.0
180,0.0,1.125,0.625,0.25,0.375,1.708,0.25,0.0,1.208,0.75,0.0,0.125,0.0,0.292,0.167,0.667,0.833,0.542,0.167,0.0
181,0.0,1.926,0.926,0.148,0.0,1.611,1.759,0.0,1.667,0.333,0.0,0.13,0.0,0.148,0.778,0.333,0.593,2.444,0.148,0.0
182,0.0,0.84,0.962,0.221,0.84,1.511,0.237,0.0,1.84,0.427,0.0,0.023,0.107,0.145,0.031,1.229,0.214,0.664,0.168,0.183
183,0.0,0.463,0.39,0.073,0.171,0.927,1.415,0.098,2.39,0.195,0.073,0.195,0.0,0.0,0.78,0.488,0.512,1.244,0.195,0.0
184,0.0,0.844,0.733,0.511,0.467,1.578,0.778,0.067,1.533,0.244,0.0,0.089,0.2,0.289,0.0,0.622,0.222,1.333,0.222,0.0
185,0.0,0.672,1.353,1.074,1.103,1.725,0.353,0.0,1.162,0.995,0.015,0.186,0.074,0.657,0.083,0.637,1.005,0.358,0.167,0.049
186,0.0,1.44,1.643,0.595,0.167,0.476,0.595,0.0,1.952,0.845,0.0,0.0,0.524,0.083,0.524,0.512,1.405,1.321,0.0,0.0
187,0.0,0.407,0.571,0.302,0.569,1.699,0.448,0.094,1.889,0.488,0.019,0.302,0.102,0.276,0.36,0.841,0.287,0.693,0.026,0.0
188,0.0,0.89,1.05,0.56,1.1,1.2,0.52,0.0,1.43,0.64,0.0,0.16,0.13,0.57,0.19,0.7,0.51,0.93,0.15,0.08
189,0.0,0.761,0.33,0.04,0.057,0.915,0.483,0.011,1.216,0.125,0.045,0.443,0.0,0.011,0.432,0.324,0.341,0.972,0.108,0.006
190,0.0,0.3,0.3,0.25,0.367,1.75,0.4,0.0,2.533,0.433,0.0,0.083,0.0,0.05,0.483,0.7,0.2,0.367,0.117,0.067
191,0.0,1.069,0.931,0.138,0.207,0.793,0.931,0.0,1.483,0.069,0.0,0.138,0.207,0.138,0.103,0.448,0.276,1.586,0.379,0.138
192,0.0,0.909,1.127,0.418,0.964,1.127,0.382,0.0,1.491,0.491,0.0,0.055,0.182,0.418,0.164,0.855,0.255,0.891,0.255,0.255
193,0.0,0.379,0.606,0.167,0.167,2.424,0.758,0.0,2.47,0.485,0.106,0.061,0.0,0.076,0.182,0.939,0.167,0.576,0.258,0.0
194,0.0,1.74,1.34,0.16,0.22,1.0,0.56,0.0,1.26,0.38,0.0,0.12,0.18,0.16,0.14,0.58,0.88,1.38,0.34,0.2
195,0.0,0.814,0.647,0.093,0.216,1.016,0.419,0.047,1.398,0.326,0.136,0.148,0.012,0.216,0.14,0.557,0.404,0.538,0.295,0.109
196,0.0,0.949,0.98,0.03,0.121,1.394,0.172,0.0,1.758,0.212,0.03,0.202,0.0,0.121,0.253,0.879,0.525,1.03,0.071,0.172
197,0.0,2.444,2.365,0.159,0.302,1.095,0.19,0.0,0.429,0.921,0.048,0.222,0.0,0.079,0.206,0.27,2.952,0.984,0.111,0.063
198,0.0,0.293,0.72,0.287,0.247,1.467,0.847,0.193,2.373,0.273,0.093,0.0,0.0,0.04,0.167,0.713,0.187,0.427,0.433,0.147
199,0.0,1.564,0.833,0.107,0.027,0.89,0.807,0.073,1.406,0.3,0.055,0.579,0.261,0.03,0.451,0.225,1.3,1.59,0.187,0.052
200,0.006,1.267,1.045,0.466,0.51,1.35,0.812,0.006,1.273,0.362,0.01,0.121,0.174,0.103,0.302,0.654,0.551,1.13,0.221,0.016
201,0.0,1.676,1.512,0.459,0.451,1.352,0.775,0.074,1.447,0.52,0.033,0.254,0.115,0.098,0.418,0.672,0.959,1.5,0.139,0.033
202,0.0,1.461,1.408,0.0,0.158,1.237,0.408,0.0,1.368,0.211,0.0,0.303,0.0,0.171,0.158,0.355,1.066,0.5,0.395,0.224
203,0.0,0.824,0.514,0.189,0.189,0.297,2.162,0.0,1.77,0.135,1.581,0.0,0.135,0.0,1.297,0.27,0.243,2.068,0.122,0.0
204,0.0,0.742,0.565,0.113,0.145,1.387,0.823,0.0,1.919,0.21,0.323,0.097,0.0,0.0,0.484,1.081,0.371,0.468,0.097,0.177
205,0.0,1.653,1.551,0.777,0.636,1.087,0.51,0.027,1.049,0.959,0.0,0.243,0.451,0.095,0.262,0.505,0.794,1.044,0.233,0.024
206,0.0,1.026,1.231,0.077,0.41,1.179,0.154,0.0,1.179,0.487,0.0,0.385,0.0,0.051,0.0,0.308,1.0,0.59,0.231,0.0
207,0.0,0.12,0.283,0.174,0.141,1.228,0.457,0.0,0.663,0.163,0.0,0.087,0.0,0.043,0.087,0.402,0.239,0.62,0.011,0.022
208,0.0,0.385,0.448,0.0,0.0,1.542,1.01,0.083,2.75,0.062,0.0,0.125,0.0,0.0,0.292,0.99,0.385,1.083,0.177,0.0
209,0.0,1.3,0.55,0.0,0.0,1.5,0.45,0.0,0.8,0.1,0.0,0.4,0.0,0.1,0.2,0.8,0.5,0.8,0.35,0.2
210,0.0,0.625,1.047,0.219,0.438,1.375,0.281,0.0,1.266,0.328,0.0,0.375,0.25,0.109,0.312,0.359,0.312,0.828,0.0,0.094
211,0.0,0.618,0.691,0.218,0.4,1.382,0.527,0.0,2.636,0.418,0.145,0.055,0.073,0.309,0.545,0.836,0.655,0.964,0.436,0.0
212,0.0,0.843,0.684,0.243,0.323,1.082,0.49,0.014,1.55,0.42,0.003,0.187,0.109,0.222,0.213,0.725,0.377,0.755,0.213,0.059
213,0.0,1.368,1.065,0.363,0.471,0.846,0.383,0.0,0.664,0.605,0.0,0.234,0.337,0.108,0.212,0.419,0.829,0.954,0.037,0.023
214,0.0,1.332,0.944,0.173,0.262,0.808,0.879,0.061,1.953,0.271,0.07,0.243,0.042,0.257,0.425,0.561,0.846,1.299,0.327,0.084
215,0.0,0.833,0.981,0.056,0.333,1.093,0.741,0.0,1.889,0.556,0.093,0.074,0.0,0.259,0.463,0.944,0.537,0.889,0.315,0.0
216,0.0,0.902,0.86,0.463,0.567,1.817,0.695,0.177,2.238,0.823,0.055,0.116,0.049,0.409,0.439,1.268,0.573,0.835,0.165,0.049
217,0.0,1.856,1.394,0.096,0.096,2.284,0.707,0.048,0.808,0.231,0.0,0.024,0.043,0.125,0.096,0.524,0.841,0.894,0.202,0.048
218,0.0,1.405,1.286,0.202,0.417,1.024,0.571,0.0,1.202,0.619,0.095,0.631,0.0,0.083,0.286,0.429,0.917,0.964,0.238,0.0
219,0.0,0.692,0.757,0.286,0.373,2.565,0.63,0.0,1.134,0.388,0.0,0.0,0.036,0.13,0.207,0.873,0.275,0.58,0.087,0.022
220,0.0,0.592,0.415,0.114,0.138,1.343,0.716,0.055,2.131,0.121,0.08,0.218,0.014,0.121,0.322,0.782,0.266,0.848,0.239,0.024
221,0.0,1.45,0.9,0.0,0.0,1.275,0.575,0.0,0.35,0.275,0.0,0.15,0.0,0.125,0.0,0.85,0.9,0.475,0.1,0.4
222,0.0,0.398,0.489,0.148,0.227,0.92,0.352,0.045,2.841,0.273,0.25,0.205,0.0,0.705,0.261,1.432,0.307,0.341,0.409,0.034
223,0.0,1.333,1.0,0.0,0.167,0.75,0.778,0.0,1.722,0.25,0.0,0.0,0.0,0.111,0.361,0.861,0.556,1.861,0.25,0.0
224,0.0,0.659,0.693,0.148,0.352,1.227,0.898,0.057,2.534,0.273,0.102,0.045,0.057,0.102,0.409,0.875,0.364,1.068,0.102,0.057
225,0.0,1.464,1.75,0.607,0.714,1.286,0.786,0.0,1.464,0.714,0.0,0.464,0.464,0.607,0.179,0.5,0.786,1.393,0.321,0.179
226,0.0,1.194,0.778,0.097,0.139,0.903,0.625,0.0,1.708,0.194,0.0,0.042,0.167,0.0,0.292,1.208,0.236,1.139,0.0,0.0
227,0.0,0.538,0.154,0.154,0.346,1.692,0.538,0.0,1.077,0.192,0.0,0.962,0.0,0.0,0.346,0.5,0.0,1.308,0.0,0.192
228,0.0,2.992,2.058,0.317,0.342,2.242,0.883,0.067,0.458,0.742,0.0,0.083,0.367,0.083,0.367,0.208,1.692,0.783,0.067,0.083
229,0.0,0.591,0.773,0.0,0.273,0.803,0.758,0.0,3.136,0.379,0.121,0.136,0.0,0.288,0.121,1.121,0.121,0.682,0.515,0.242
230,0.0,0.574,0.553,0.0,0.0,2.138,1.42,0.043,3.319,0.346,0.043,0.176,0.176,0.0,0.574,0.856,0.479,1.106,0.08,0.0
231,0.0,0.375,0.312,0.125,0.125,1.062,1.688,0.0,2.188,0.0,0.188,0.438,0.0,0.0,1.344,0.875,0.25,2.25,0.156,0.0
232,0.0,0.87,0.858,0.142,0.265,1.475,0.462,0.038,2.054,0.444,0.065,0.132,0.012,0.236,0.243,0.887,0.465,0.607,0.356,0.147
233,0.0,1.278,0.944,0.0,0.083,0.833,0.472,0.0,1.472,0.083,0.0,0.0,0.0,0.083,0.083,0.75,0.194,1.75,0.111,0.0
234,0.0,1.022,1.313,0.578,0.578,1.748,0.478,0.204,1.326,0.891,0.0,0.1,0.187,0.3,0.161,0.639,0.896,0.674,0.078,0.078
235,0.0,0.674,0.687,0.194,0.339,1.845,0.877,0.0,2.09,0.261,0.032,0.084,0.058,0.306,0.523,1.29,0.316,1.268,0.148,0.055
236,0.0,0.475,0.507,0.08,0.06,0.924,0.842,0.016,2.594,0.232,0.422,0.239,0.025,0.109,0.54,0.929,0.29,0.915,0.406,0.134
237,0.0,1.159,1.148,0.307,0.307,1.295,0.943,0.0,1.352,0.341,0.0,0.205,0.159,0.307,0.216,0.398,0.977,0.92,0.057,0.045
238,0.0,0.445,0.302,0.044,0.088,1.973,0.456,0.022,2.198,0.231,0.0,0.038,0.088,0.0,0.308,1.797,0.418,0.681,0.203,0.049
239,0.0,0.629,0.454,0.141,0.316,3.344,0.32,0.031,0.849,0.388,0.0,0.079,0.0,0.172,0.048,0.969,0.289,0.21,0.069,0.093
240,0.0,0.602,0.726,0.267,0.283,1.824,0.672,0.039,1.872,0.487,0.072,0.167,0.072,0.183,0.522,1.185,0.339,0.85,0.063,0.03
241,0.0,0.786,0.661,0.268,0.643,1.357,0.732,0.0,1.268,0.5,0.0,0.107,0.143,0.214,0.161,0.446,0.321,0.929,0.036,0.0
242,0.0,0.837,0.536,0.038,0.098,1.396,0.895,0.0,2.892,0.165,0.075,0.083,0.013,0.115,0.489,1.14,0.363,1.266,0.246,0.108
243,0.0,1.287,1.192,0.265,0.311,1.044,0.379,0.047,1.08,0.664,0.011,0.691,0.07,0.194,0.36,0.443,0.762,0.971,0.248,0.036
244,0.0,1.831,1.723,0.182,0.155,1.453,0.318,0.0,1.007,0.73,0.0,0.324,0.351,0.0,0.101,0.331,1.493,0.77,0.351,0.0
245,0.0,0.616,0.376,0.048,0.216,0.928,0.672,0.072,2.744,0.24,0.04,0.08,0.0,0.128,0.464,0.744,0.376,1.0,0.36,0.104
246,0.0,2.038,2.269,0.692,0.885,1.308,0.0,0.0,1.231,0.692,0.0,0.269,0.115,0.538,0.154,0.923,1.346,1.192,0.154,0.154
247,0.0,1.818,0.909,0.095,0.288,1.944,0.6,0.0,0.702,0.481,0.018,0.267,0.0,0.091,0.204,0.491,0.691,0.989,0.123,0.112
248,0.0,1.808,1.222,0.04,0.071,0.677,0.182,0.0,2.384,0.121,0.04,0.303,0.0,0.0,0.404,0.444,1.626,0.99,1.939,0.131
249,0.0,1.15,0.8,0.0,0.0,2.05,0.75,0.0,1.5,0.15,0.0,0.15,0.0,0.0,0.0,1.05,0.35,0.85,0.25,0.2
250,0.0,1.455,1.2,0.413,0.413,1.442,0.887,0.0,2.329,0.558,0.0,0.232,0.49,0.048,0.513,0.806,0.99,1.384,0.319,0.032
251,0.0,2.197,2.029,0.979,0.676,1.492,0.256,0.0,1.21,1.155,0.0,0.176,0.798,0.269,0.084,0.874,1.584,0.924,0.185,0.034
252,0.0,1.684,1.474,0.211,0.289,1.342,0.474,0.0,0.711,0.474,0.0,0.132,0.0,0.079,0.211,0.605,0.974,1.368,0.105,0.0
253,0.0,1.171,1.054,0.193,0.354,1.471,0.588,0.0,1.724,0.524,0.02,0.129,0.039,0.132,0.263,0.683,0.493,0.746,0.268,0.129
254,0.0,0.766,0.603,0.22,0.376,1.348,0.553,0.05,1.567,0.348,0.028,0.156,0.05,0.262,0.298,0.681,0.348,0.823,0.078,0.092
255,0.0,0.472,0.552,0.103,0.179,1.566,0.472,0.0,2.517,0.576,0.066,0.072,0.097,0.169,0.362,1.462,0.224,0.541,0.248,0.083
256,0.0,0.815,0.37,0.0,0.111,1.111,0.667,0.0,1.481,0.111,0.0,0.0,0.0,0.111,0.222,0.889,0.037,1.407,0.0,0.0
257,0.0,1.117,1.117,1.063,0.291,0.738,0.68,0.044,1.913,0.675,0.233,0.136,0.024,0.039,0.32,0.393,0.66,0.85,0.194,0.15
258,0.0,0.781,0.812,0.0,0.0,0.75,0.562,0.0,3.312,0.094,0.0,0.562,0.0,0.188,0.156,0.688,0.406,0.969,0.281,0.438
259,0.0,0.464,0.143,0.0,0.464,1.714,0.607,0.464,1.786,0.179,0.0,0.0,0.0,0.0,0.0,0.393,0.286,0.536,0.143,0.0
260,0.0,2.0,1.366,0.0,0.0,1.171,0.268,0.0,1.293,0.476,0.0,0.22,0.317,0.0,0.085,0.61,1.537,0.89,0.098,0.098
261,0.0,1.84,1.59,0.26,0.2,0.89,0.54,0.0,1.04,0.31,0.0,0.09,0.15,0.07,0.35,0.41,1.51,1.56,0.33,0.09
262,0.0,0.275,0.237,0.099,0.124,0.78,0.351,0.06,1.313,0.251,0.017,0.956,0.027,0.076,0.338,0.357,0.199,0.839,0.084,0.016
263,0.0,1.136,0.794,0.022,0.114,1.039,0.684,0.0,1.491,0.206,0.031,0.149,0.031,0.026,0.211,0.632,0.478,0.816,0.482,0.263
264,0.0,0.364,0.273,0.303,0.455,2.788,0.121,0.091,2.182,0.121,0.0,0.0,0.0,0.515,0.121,3.606,0.152,0.364,0.394,0.0
265,0.0,0.344,0.383,0.0,0.044,1.175,0.579,0.038,2.902,0.131,0.224,0.016,0.0,0.158,0.372,0.995,0.055,0.454,0.557,0.18
266,0.0,0.744,0.692,0.282,0.436,1.103,0.846,0.0,2.359,0.282,0.0,0.103,0.333,0.282,0.103,0.872,0.179,1.308,0.231,0.128
267,0.0,0.72,0.463,0.0,0.0,1.39,1.195,0.0,2.744,0.207,0.0,0.098,0.0,0.0,0.695,0.659,0.378,1.463,0.28,0.0
268,0.0,1.191,0.955,0.329,0.431,1.482,0.628,0.0,1.376,0.555,0.025,0.234,0.204,0.199,0.29,0.731,0.656,0.971,0.191,0.096
269,0.0,0.56,0.32,0.0,0.0,0.6,0.76,0.0,2.52,0.2,0.4,0.12,0.0,0.12,1.04,1.12,0.32,1.4,0.32,0.0
270,0.0,1.648,1.166,0.201,0.114,1.345,0.642,0.0,1.539,0.437,0.057,0.29,0.541,0.118,0.4,0.354,1.419,1.111,0.118,0.052
271,0.0,1.91,1.59,0.347,0.347,0.924,0.625,0.0,1.41,0.5,0.0,0.25,0.069,0.201,0.236,0.458,1.215,1.014,0.271,0.042
272,0.0,2.769,3.051,0.615,0.692,0.654,0.295,0.0,0.41,0.897,0.0,0.0,1.231,0.051,0.231,0.051,1.538,0.808,0.103,0.0
273,0.0,2.272,2.462,0.478,0.538,1.603,0.69,0.0,1.228,1.114,0.0,0.239,1.087,0.255,0.375,0.516,1.478,0.957,0.043,0.0
274,0.0,0.744,0.577,0.077,0.154,2.064,1.397,0.0,1.885,0.615,0.0,0.423,0.0,0.0,0.346,0.5,0.667,1.436,0.192,0.09
275,0.0,0.993,1.101,0.304,0.344,1.921,0.787,0.186,2.45,0.475,0.037,0.054,0.48,0.074,0.238,1.01,0.49,0.829,0.158,0.109
276,0.0,1.738,0.714,0.452,0.595,1.452,0.857,0.0,0.214,0.452,0.0,0.429,0.119,0.0,0.095,0.381,0.524,0.667,0.167,0.167
277,0.0,2.302,1.94,0.664,0.353,0.793,0.707,0.0,1.474,0.578,0.0,0.069,0.388,0.0,0.129,0.353,1.552,1.198,0.259,0.0
278,0.0,0.396,0.264,0.0,0.302,1.151,0.66,0.17,2.453,0.132,0.113,0.0,0.0,0.283,0.283,0.755,0.113,0.509,0.132,0.038
279,0.0,1.14,0.842,0.158,0.316,1.018,0.614,0.0,1.509,0.228,0.0,0.158,0.158,0.158,0.228,0.789,0.474,1.298,0.404,0.211
280,0.0,1.364,0.818,0.318,0.5,1.591,0.0,0.0,2.5,0.136,0.0,0.0,0.0,0.182,0.0,3.364,0.818,0.773,0.545,0.182
281,0.0,0.939,1.244,0.146,0.207,0.915,0.579,0.049,2.146,0.22,0.085,0.152,0.043,0.256,0.451,0.768,0.39,0.829,0.677,0.128
282,0.0,1.61,1.232,0.138,0.197,1.087,0.74,0.0,1.831,0.445,0.0,0.118,0.035,0.051,0.228,0.602,0.512,1.0,0.398,0.079
283,0.0,0.386,0.632,0.344,0.323,1.384,0.72,0.243,2.307,0.241,0.048,0.026,0.106,0.058,0.257,0.884,0.265,0.786,0.23,0.016
284,0.0,1.288,0.942,0.058,0.173,0.654,0.596,0.0,1.654,0.173,0.0,0.058,0.0,0.096,0.327,0.5,0.365,1.885,0.0,0.0
285,0.0,0.986,0.86,0.225,0.374,1.524,0.474,0.0,0.796,0.512,0.005,0.415,0.007,0.182,0.244,0.355,0.664,0.773,0.156,0.085
286,0.0,0.977,0.977,0.14,0.605,1.279,0.209,0.0,0.767,0.256,0.0,0.326,0.116,0.14,0.093,0.372,0.605,0.767,0.0,0.163
287,0.02,2.104,2.301,1.15,1.311,1.439,0.453,0.018,1.059,0.774,0.018,0.079,0.835,0.236,0.376,0.402,1.624,1.061,0.132,0.073
288,0.0,1.68,1.067,0.16,0.32,1.52,0.64,0.0,1.147,0.36,0.0,0.067,0.133,0.16,0.133,0.907,0.52,1.16,0.307,0.24
289,0.0,0.2,0.8,0.65,1.35,2.2,0.15,0.0,1.675,0.575,0.0,0.025,0.0,0.225,0.025,0.875,0.0,0.05,0.025,0.225
290,0.0,2.254,1.5,0.358,0.433,0.888,1.09,0.149,1.478,0.478,0.0,0.276,0.261,0.0,0.552,0.284,1.373,2.112,0.209,0.0
291,0.0,1.552,1.718,0.236,0.241,1.443,0.546,0.0,1.575,0.655,0.0,0.379,0.057,0.247,0.253,0.5,0.937,0.925,0.305,0.224
292,0.0,0.905,0.853,0.185,0.433,1.734,0.585,0.0,1.811,0.511,0.032,0.156,0.07,0.234,0.254,1.155,0.408,0.863,0.095,0.02
293,0.0,1.038,1.184,0.563,0.557,1.494,0.354,0.0,1.316,0.835,0.0,0.253,0.0,0.127,0.146,0.741,0.772,0.494,0.177,0.0
294,0.0,0.76,0.904,0.387,0.654,1.929,0.285,0.034,0.963,0.555,0.018,0.206,0.052,0.538,0.168,1.087,0.334,0.511,0.057,0.05
295,0.0,1.521,1.225,0.275,0.367,1.242,0.773,0.028,1.682,0.415,0.013,0.242,0.091,0.216,0.316,0.714,0.689,1.157,0.288,0.036
296,0.0,0.7,1.425,1.0,1.425,3.725,0.25,0.0,0.675,0.725,0.0,0.0,0.25,0.9,0.275,1.325,0.5,0.25,0.0,0.0
297,0.0,0.75,0.58,0.308,0.098,1.924,0.692,0.022,1.659,0.464,0.0,0.058,0.072,0.047,0.279,0.746,0.435,0.402,0.315,0.029
298,0.0,1.94,1.293,1.667,0.4,1.507,1.147,0.0,1.86,1.013,0.0,0.187,0.373,0.0,0.4,0.533,1.867,1.033,0.133,0.0
299,0.012,0.463,0.317,0.033,0.035,1.236,0.798,0.193,2.584,0.482,0.144,0.707,0.03,0.139,0.425,0.471,0.489,0.969,0.161,0.113
300,0.0,2.682,1.75,0.045,0.045,0.886,0.534,0.0,1.432,0.33,0.068,0.5,0.102,0.045,0.455,0.636,1.432,1.557,0.318,0.068
301,0.0,0.043,0.739,0.304,0.261,1.478,0.435,0.0,1.891,0.587,0.0,0.348,0.0,0.565,0.413,1.022,0.326,0.457,0.0,0.0
302,0.0,1.171,0.857,0.6,0.886,1.286,0.486,0.0,0.971,0.486,0.0,0.143,0.2,0.514,0.0,1.0,0.429,0.971,0.086,0.114
303,0.0,0.612,0.769,0.179,0.357,1.59,0.659,0.074,1.821,0.641,0.0,0.179,0.126,0.269,0.247,0.872,0.534,0.61,0.244,0.052
304,0.0,0.566,0.659,0.208,0.106,1.111,0.832,0.522,2.124,0.128,0.0,0.133,0.119,0.15,0.491,0.456,0.739,0.956,0.252,0.0
305,0.0,0.897,0.724,0.0,0.103,0.69,1.241,0.0,1.138,0.034,0.448,0.0,0.0,0.0,0.414,0.345,0.69,1.379,0.138,0.103
306,0.0,0.49,0.395,0.078,0.184,1.516,0.364,0.022,1.743,0.247,0.026,0.186,0.029,0.233,0.217,0.977,0.262,0.715,0.081,0.039
307,0.0,0.771,0.417,0.0,0.0,1.125,1.868,0.125,2.993,0.125,0.125,0.0,0.056,0.0,0.66,0.562,0.188,1.417,0.486,0.125
308,0.0,0.77,0.557,0.0,0.082,1.508,0.115,0.0,1.41,0.23,0.0,0.705,0.049,0.115,0.262,0.77,0.164,1.082,0.197,0.197
309,0.0,0.863,0.941,0.18,0.219,2.008,0.918,0.137,1.91,0.406,0.031,0.102,0.031,0.039,0.281,0.531,0.32,0.629,0.309,0.102
310,0.0,0.725,0.425,0.075,0.075,1.3,0.525,0.175,0.5,0.375,0.0,0.425,0.0,0.0,0.275,0.25,0.975,0.7,0.075,0.0
311,0.0,0.655,0.55,0.091,0.246,1.093,0.391,0.007,1.596,0.142,0.039,0.031,0.015,0.207,0.17,0.813,0.26,0.597,0.214,0.132
312,0.0,0.775,0.444,0.081,0.137,1.257,0.63,0.18,1.711,0.268,0.039,0.102,0.007,0.116,0.137,0.827,0.38,0.845,0.155,0.011
313,0.0,1.21,0.863,0.286,0.333,1.298,0.558,0.038,1.565,0.262,0.003,0.23,0.063,0.142,0.31,0.866,0.381,1.088,0.202,0.066
314,0.0,2.279,1.397,0.25,0.132,1.015,1.029,0.0,1.779,0.059,0.0,0.132,0.426,0.0,0.25,0.25,1.706,1.529,0.397,0.0
315,0.0,0.455,0.309,0.109,0.127,1.382,0.491,0.0,1.2,0.218,0.073,0.109,0.018,0.218,0.055,0.709,0.236,0.309,0.145,0.091
316,0.0,2.161,1.825,0.321,0.325,1.114,0.625,0.0,0.914,0.639,0.0,0.093,0.786,0.025,0.314,0.425,1.189,1.064,0.161,0.0
317,0.0,1.636,1.682,0.273,0.273,0.864,0.955,0.0,1.409,0.136,0.0,0.0,0.318,0.273,0.0,0.5,0.955,1.591,0.182,0.136
318,0.0,1.627,1.068,0.136,0.203,0.915,0.458,0.0,1.22,0.186,0.0,0.051,0.0,0.153,0.068,0.525,0.508,1.746,0.085,0.0
319,0.0,1.7,0.9,0.0,0.0,1.35,0.7,0.0,1.15,0.0,0.0,0.55,0.0,0.0,0.0,0.8,0.85,1.0,0.35,0.15
320,0.0,0.897,0.672,0.224,0.284,0.724,0.741,0.06,2.517,0.241,0.0,0.06,0.336,0.052,0.543,1.043,1.302,1.233,0.414,0.0
321,0.0,0.373,0.107,0.16,0.32,1.52,1.173,0.0,2.187,0.387,0.573,0.04,0.0,0.067,0.973,0.987,0.08,1.093,0.173,0.053
322,0.0,0.256,0.186,0.0,0.0,0.395,0.93,0.0,2.163,0.0,0.581,0.116,0.0,0.116,2.279,0.581,0.256,1.814,0.0,0.0
323,0.0,0.87,0.674,0.152,0.304,1.413,0.826,0.0,2.087,0.348,0.0,0.0,0.0,0.152,0.283,1.522,0.283,1.174,0.609,0.0
324,0.02,1.166,1.182,0.325,0.414,1.209,0.381,0.07,1.536,0.725,0.0,0.129,0.361,0.156,0.182,0.354,0.834,0.755,0.235,0.07
325,0.0,0.475,0.425,0.075,0.075,1.15,0.225,0.0,0.875,0.375,0.0,0.2,0.0,0.15,0.0,0.675,0.325,0.575,0.0,0.0
326,0.0,1.444,2.444,0.148,1.074,1.111,0.481,0.0,1.37,1.037,0.0,0.0,0.0,0.333,0.481,0.519,0.852,0.407,0.185,0.259
327,0.0,1.778,1.492,0.262,0.127,1.381,0.921,0.0,1.413,0.214,0.0,0.341,0.135,0.302,0.524,0.69,1.206,1.524,0.143,0.0
328,0.0,0.706,1.485,1.044,1.074,1.582,0.274,0.038,0.991,0.624,0.021,0.109,0.159,0.538,0.126,0.721,0.515,0.397,0.147,0.224
329,0.0,2.136,2.0,0.227,0.364,1.136,0.227,0.0,0.591,0.5,0.0,0.0,0.0,0.136,0.318,1.136,0.955,1.727,0.0,0.0
330,0.0,0.558,0.2,0.105,0.168,0.737,0.621,0.053,2.126,0.221,0.116,0.053,0.063,0.274,0.442,0.895,0.189,0.968,0.232,0.0
331,0.0,0.34,0.6,0.36,0.4,1.8,1.0,0.0,1.72,0.4,0.0,0.28,0.0,0.56,0.16,0.32,0.68,0.5,0.18,0.0
332,0.0,1.984,0.328,0.047,0.062,0.5,0.859,0.0,0.781,0.141,0.156,1.672,0.016,0.0,0.656,0.125,0.438,2.375,0.0,0.109
333,0.0,1.068,0.926,0.796,0.815,1.525,0.395,0.111,2.543,0.549,0.0,0.049,0.426,0.154,0.173,1.191,0.389,0.451,0.29,0.0
334,0.0,1.647,1.206,0.691,0.691,0.971,1.353,0.0,2.794,0.529,0.0,0.0,0.279,0.0,0.118,0.5,0.882,1.5,0.412,0.147
335,0.0,0.565,0.891,0.0,0.109,0.522,0.652,0.0,2.304,0.152,0.326,0.0,0.0,0.087,0.174,0.87,0.109,0.5,0.717,0.0
336,0.0,0.387,0.806,0.065,0.387,0.452,0.29,0.0,2.161,0.387,0.129,0.032,0.0,0.258,0.516,1.065,0.323,0.516,0.839,0.161
337,0.0,1.4,1.35,0.0,0.0,0.25,0.2,0.0,0.6,0.4,0.0,0.9,0.0,0.0,0.1,0.05,2.25,1.2,0.0,0.0
338,0.0,0.754,0.579,0.193,0.509,1.018,0.509,0.0,2.018,0.386,0.0,0.088,0.211,0.193,0.193,0.965,0.246,0.807,0.263,0.053
339,0.0,2.248,0.867,0.0,0.0,0.648,1.343,0.0,1.843,0.176,0.0,0.0,0.214,0.033,0.486,0.338,0.805,1.929,0.405,0.143
340,0.0,1.731,1.0,0.192,0.192,0.846,1.141,0.0,1.833,0.462,0.0,0.179,0.41,0.128,0.128,0.359,0.372,1.167,0.308,0.205
341,0.0,0.25,0.273,0.0,0.0,0.409,0.159,0.0,2.841,0.045,0.023,0.045,0.0,0.136,0.159,0.886,0.023,0.773,0.545,0.0
342,0.0,0.513,0.358,0.059,0.198,1.262,0.743,0.07,2.818,0.267,0.07,0.128,0.027,0.166,0.38,0.952,0.246,0.69,0.358,0.096
343,0.0,0.952,0.952,0.333,0.452,1.595,0.833,0.0,1.952,0.333,0.0,0.095,0.0,0.214,0.452,0.69,0.524,1.19,0.048,0.0
344,0.0,1.141,0.814,0.13,0.158,1.051,0.644,0.0,1.904,0.237,0.0,0.215,0.04,0.153,0.203,0.689,0.525,0.91,0.345,0.153
345,0.0,0.829,0.895,0.308,0.294,1.421,0.752,0.035,2.063,0.379,0.04,0.164,0.037,0.152,0.379,0.491,0.624,0.813,0.283,0.037
346,0.0,2.003,1.505,0.216,0.313,1.445,0.389,0.0,0.622,0.86,0.009,0.378,0.059,0.044,0.179,0.284,1.328,0.851,0.059,0.058
347,0.0,2.045,2.386,0.0,0.0,0.477,0.523,0.0,1.364,1.386,0.0,0.182,0.477,0.0,0.0,0.25,1.341,0.318,0.205,0.0
348,0.0,0.17,0.094,0.0,0.0,1.038,0.566,0.019,3.283,0.113,0.094,0.453,0.0,0.0,0.283,0.34,0.226,0.925,0.264,0.0
349,0.0,2.0,0.696,0.0,0.13,0.87,0.87,0.0,1.174,0.0,0.0,0.174,0.0,0.0,0.0,0.391,0.826,1.304,0.435,0.0
350,0.0,0.887,0.869,0.071,0.202,1.702,0.702,0.018,1.619,0.292,0.0,0.089,0.024,0.077,0.274,0.696,0.494,0.839,0.292,0.179
351,0.0,1.225,0.975,0.0,0.0,1.3,0.425,0.0,1.9,0.1,0.0,0.125,0.0,0.25,0.25,1.05,0.625,0.725,0.175,0.1
352,0.0,1.613,1.661,1.738,0.72,1.095,0.601,0.0,1.304,1.202,0.036,0.167,0.232,0.19,0.292,0.5,1.387,0.554,0.095,0.048
353,0.0,1.333,0.706,0.155,0.198,0.89,0.655,0.024,0.894,0.242,0.015,0.273,0.086,0.051,0.17,0.243,0.47,0.904,0.211,0.062
354,0.0,1.385,0.865,0.481,0.673,1.692,0.769,0.0,1.346,0.865,0.0,0.154,0.135,0.577,0.0,1.115,0.423,0.75,0.288,0.058
355,0.0,1.557,1.133,0.221,0.222,0.799,0.617,0.037,1.24,0.524,0.015,0.755,0.136,0.122,0.429,0.317,0.984,1.42,0.221,0.037
356,0.0,0.262,0.0,0.0,0.0,1.048,0.119,0.0,1.738,0.0,0.0,0.452,0.0,0.0,0.119,0.857,0.5,0.833,0.167,0.0
357,0.0,0.133,1.1,1.3,1.333,2.1,0.133,0.167,1.567,0.767,0.0,0.167,0.333,0.8,0.167,0.8,0.267,0.567,0.133,0.1
358,0.0,0.371,0.387,0.198,0.324,1.911,0.465,0.05,1.397,0.276,0.058,0.045,0.021,0.326,0.173,0.982,0.157,0.355,0.18,0.039
359,0.0,0.217,0.435,0.196,0.348,0.5,0.522,0.0,3.185,0.076,0.076,0.0,0.196,0.196,0.0,0.989,0.185,0.261,0.337,0.065
360,0.0,1.026,0.526,0.0,0.079,0.263,1.816,0.0,1.737,0.053,0.105,0.447,0.0,0.0,0.737,0.263,0.579,2.789,0.132,0.0
361,0.0,1.1,1.114,0.314,0.557,1.257,0.429,0.0,1.329,0.443,0.0,0.086,0.0,0.286,0.129,0.871,0.714,1.086,0.186,0.0
362,0.0,0.95,0.672,0.282,0.214,1.441,0.987,0.109,1.803,0.471,0.042,0.324,0.13,0.168,0.286,0.933,0.324,0.983,0.273,0.0
363,0.0,0.796,1.03,0.96,1.025,1.328,0.338,0.02,1.428,0.532,0.02,0.239,0.045,1.045,0.209,0.657,1.104,0.537,0.075,0.035
364,0.0,0.486,0.944,0.667,0.694,1.931,0.264,0.264,1.347,1.056,0.0,0.0,0.153,0.361,0.139,0.833,0.347,0.083,0.153,0.0
365,0.0,1.257,1.129,0.25,0.443,1.707,0.664,0.0,2.186,0.193,0.0,0.043,0.336,0.821,0.271,1.043,0.714,1.029,0.057,0.071
366,0.0,1.059,1.779,1.074,1.074,2.485,0.221,0.0,0.941,0.721,0.0,0.191,0.147,0.088,0.0,0.368,0.647,0.294,0.0,0.118
367,0.0,1.505,0.666,0.035,0.081,1.599,0.673,0.0,0.995,0.203,0.0,0.371,0.016,0.037,0.189,0.535,0.677,1.297,0.124,0.035
368,0.0,1.048,0.714,0.238,0.19,1.286,0.286,0.0,1.143,0.381,0.0,0.714,0.0,0.19,0.238,0.857,1.333,1.0,0.143,0.0
369,0.0,1.235,0.98,0.235,0.353,1.255,0.725,0.0,1.608,0.412,0.0,0.078,0.235,0.235,0.294,0.843,0.529,1.451,0.294,0.157
370,0.0,1.74,1.24,0.04,0.045,0.875,0.45,0.0,1.545,0.755,0.095,0.66,0.03,0.07,0.505,0.47,1.32,1.125,0.32,0.08
371,0.031,1.022,0.807,0.177,0.177,0.947,1.05,0.0,2.503,0.419,0.006,0.143,0.245,0.05,0.357,0.901,0.301,1.562,0.258,0.025
372,0.0,0.182,0.121,0.0,0.0,2.879,0.091,0.0,1.303,0.152,0.0,0.0,0.0,0.818,0.0,2.909,0.061,0.0,0.121,0.0
373,0.0,0.311,0.251,0.041,0.105,2.005,0.493,0.087,1.995,0.288,0.082,0.146,0.0,0.123,0.174,0.763,0.256,0.384,0.283,0.018
374,0.0,0.97,0.667,0.182,0.364,1.333,0.545,0.0,1.364,0.394,0.0,0.182,0.121,0.121,0.212,0.636,0.364,1.182,0.121,0.0
375,0.0,1.8,1.28,0.08,0.08,0.64,1.0,0.0,1.52,0.04,0.0,0.4,0.24,0.08,0.0,0.56,0.56,2.16,0.28,0.12
376,0.0,0.339,0.203,0.051,0.051,0.661,0.78,0.0,2.932,0.051,0.254,0.169,0.0,0.068,0.339,1.068,0.0,0.508,0.576,0.136
377,0.0,0.24,1.04,0.4,1.32,2.4,0.26,0.0,0.88,2.38,0.0,0.2,0.38,0.3,0.0,0.62,0.16,0.32,0.0,0.0
378,0.0,0.364,0.201,0.122,0.122,1.289,0.759,0.027,2.231,0.469,0.031,0.105,0.065,0.126,0.35,0.874,0.231,0.806,0.272,0.031
379,0.0,1.19,0.669,0.155,0.204,0.965,1.155,0.0,2.106,0.528,0.0,0.218,0.056,0.0,0.394,0.493,0.577,1.282,0.408,0.0
380,0.0,1.04,0.656,0.15,0.191,1.401,0.573,0.091,1.532,0.313,0.018,0.224,0.195,0.073,0.233,0.479,0.701,0.984,0.173,0.047
381,0.0,0.591,0.736,0.5,0.564,1.455,0.273,0.0,1.509,0.255,0.0,0.191,0.045,0.264,0.127,1.055,0.327,0.582,0.091,0.027
382,0.0,0.274,0.697,0.441,0.839,1.559,0.068,0.073,1.486,0.597,0.0,0.016,0.202,0.433,0.051,1.285,0.118,0.11,0.045,0.006
383,0.0,1.145,1.016,0.081,0.21,0.903,0.613,0.032,1.629,0.177,0.0,0.0,0.065,0.048,0.387,0.565,0.484,1.597,0.161,0.0
384,0.0,1.637,0.856,0.115,0.148,1.095,0.848,0.0,1.091,0.393,0.019,0.365,0.12,0.045,0.284,0.444,0.667,1.394,0.124,0.041
385,0.0,1.03,0.394,0.0,0.061,1.232,0.909,0.02,1.859,0.172,0.0,0.172,0.04,0.0,0.192,0.859,0.374,1.384,0.232,0.121
386,0.0,0.504,0.463,0.116,0.124,0.917,0.397,0.0,1.57,0.157,0.0,0.388,0.0,0.083,0.471,0.521,0.488,0.901,0.149,0.0
387,0.0,0.183,0.272,0.082,0.176,1.892,0.502,0.018,2.642,0.201,0.172,0.029,0.0,0.613,0.28,1.251,0.065,0.394,0.312,0.161
388,0.0,0.807,0.542,0.062,0.095,1.129,0.756,0.109,2.167,0.238,0.056,0.166,0.04,0.054,0.28,0.561,0.353,0.902,0.335,0.074
389,0.0,1.412,1.118,0.157,0.373,1.216,0.451,0.0,1.255,0.157,0.0,0.098,0.157,0.157,0.118,0.941,0.451,0.882,0.333,0.255
390,0.0,1.765,1.163,0.039,0.105,1.17,0.477,0.0,0.967,0.222,0.0,0.085,0.0,0.0,0.118,0.654,0.706,1.176,0.085,0.072
391,0.0,0.442,0.31,0.0,0.071,0.912,0.478,0.044,3.053,0.08,0.195,0.009,0.018,0.009,0.195,1.08,0.133,0.558,0.345,0.106
392,0.0,0.34,0.22,0.3,0.48,1.34,0.52,0.0,2.0,0.24,0.0,0.12,0.18,0.34,0.04,1.24,0.16,0.2,0.0,0.0
393,0.0,0.539,0.275,0.049,0.137,1.794,0.363,0.186,1.48,0.108,0.0,0.147,0.0,0.225,0.029,0.843,0.343,0.265,0.294,0.088
394,0.0,0.968,0.79,0.117,0.144,1.244,0.593,0.066,0.966,0.312,0.01,0.08,0.132,0.124,0.341,0.532,0.483,0.776,0.076,0.01
395,0.0,1.87,1.826,0.0,0.174,0.609,0.304,0.0,1.13,0.0,0.0,0.217,0.0,0.0,0.043,0.087,2.783,0.913,0.13,0.0
396,0.0,1.085,0.901,0.213,0.461,1.284,0.348,0.0,1.05,0.539,0.0,0.348,0.092,0.22,0.255,0.837,0.589,0.894,0.142,0.128
397,0.0,1.373,1.339,1.432,1.085,1.627,0.229,0.051,1.085,0.492,0.0,0.136,0.195,0.0,0.068,0.28,0.754,0.898,0.076,0.068
398,0.0,1.811,1.415,0.264,0.547,2.132,0.528,0.0,0.66,0.981,0.0,0.226,0.0,0.472,0.151,0.604,0.792,0.66,0.189,0.094
399,0.0,0.4,0.55,0.15,0.2,1.25,0.85,0.0,1.4,0.0,0.0,0.2,0.0,0.15,0.3,0.75,0.15,1.35,0.0,0.0
400,0.0,1.069,0.845,0.362,0.552,1.259,0.897,0.0,1.586,0.448,0.0,0.138,0.207,0.362,0.259,0.621,0.517,1.483,0.328,0.121
401,0.0,1.944,1.792,0.319,0.319,1.25,0.125,0.0,1.125,0.347,0.0,1.028,0.0,0.139,0.111,0.25,3.194,1.181,0.125,0.042
402,0.014,1.392,1.437,0.538,0.455,1.726,0.252,0.038,1.129,0.741,0.011,0.064,0.5,0.138,0.185,1.006,0.953,0.511,0.114,0.041
403,0.0,0.542,0.333,0.167,0.167,1.125,0.625,0.0,0.75,0.875,0.0,2.917,0.0,0.0,0.417,0.333,0.5,1.208,0.0,0.0
404,0.0,0.816,0.553,0.132,0.263,1.316,0.842,0.0,1.368,0.184,0.0,0.184,0.0,0.211,0.263,0.605,0.5,0.974,0.0,0.079
405,0.0,1.13,0.885,0.072,0.148,1.155,0.489,0.035,1.808,0.223,0.018,0.046,0.034,0.157,0.229,0.882,0.288,0.778,0.314,0.237
406,0.0,0.555,1.158,0.863,0.432,1.11,0.459,0.068,2.74,0.993,0.068,0.075,0.116,0.048,0.459,0.897,0.575,0.603,0.185,0.062
407,0.0,0.423,0.412,0.132,0.121,1.2,0.616,0.181,2.898,0.313,0.025,0.135,0.101,0.155,0.314,1.08,0.237,0.74,0.186,0.015
408,0.0,0.77,0.595,0.135,0.266,1.667,0.608,0.054,1.671,0.329,0.095,0.257,0.027,0.158,0.387,0.928,0.626,0.928,0.144,0.059
409,0.0,0.569,0.647,0.196,0.294,1.412,1.039,0.0,2.902,0.294,0.0,0.02,0.078,0.078,0.255,0.686,0.196,0.98,0.078,0.078
410,0.0,2.125,1.982,0.339,0.393,1.446,0.518,0.0,0.821,0.714,0.0,0.0,0.0,0.0,0.518,0.661,1.018,1.518,0.375,0.0
411,0.0,0.111,0.111,0.0,0.0,0.407,1.074,0.0,2.852,0.148,0.0,0.556,0.0,0.0,0.333,0.741,0.444,0.667,0.222,0.0
412,0.0,0.758,0.461,0.192,0.215,1.297,0.411,0.0,1.192,0.224,0.0,0.26,0.018,0.082,0.247,0.826,0.269,0.804,0.087,0.0
413,0.0,1.955,1.409,0.0,0.182,1.182,0.682,0.0,1.318,0.182,0.0,0.0,0.0,0.182,0.364,1.182,0.409,1.864,0.0,0.182
414,0.0,0.272,0.222,0.074,0.074,1.247,0.407,0.0,1.321,0.148,0.0,0.086,0.0,0.086,0.074,0.877,0.123,0.457,0.198,0.0
415,0.0,2.269,1.808,0.231,0.385,0.538,0.885,0.0,1.692,0.115,0.0,0.0,0.231,0.231,0.192,0.615,1.0,2.615,0.462,0.115
416,0.0,0.925,0.533,0.056,0.168,1.495,0.374,0.047,1.374,0.159,0.0,0.159,0.056,0.056,0.093,0.86,0.271,1.103,0.103,0.056
417,0.0,1.353,1.047,0.288,0.32,1.482,0.669,0.068,1.594,0.457,0.025,0.029,0.097,0.151,0.223,0.55,0.403,0.921,0.694,0.029
418,0.0,1.435,1.318,0.461,0.562,1.467,0.485,0.021,1.292,0.375,0.021,0.185,0.17,0.205,0.295,1.083,0.482,1.253,0.077,0.027
419,0.0,0.7,0.74,0.53,0.67,1.97,0.53,0.09,1.9,0.47,0.0,0.16,0.0,0.21,0.26,0.71,0.12,0.45,0.25,0.16
420,0.0,0.653,0.949,0.378,0.878,1.408,0.296,0.0,1.408,0.653,0.031,0.194,0.041,0.745,0.337,1.041,0.347,0.429,0.235,0.092
421,0.0,0.979,0.723,0.234,0.404,0.872,0.362,0.0,1.66,0.234,0.0,0.106,0.213,0.191,0.106,1.021,0.277,0.787,0.34,0.213
422,0.0,0.553,0.576,0.306,0.412,1.541,0.871,0.106,2.2,0.306,0.059,0.2,0.0,0.059,0.365,1.118,0.318,0.871,0.271,0.094
423,0.0,0.886,0.576,0.307,0.154,1.584,0.895,0.163,1.54,0.444,0.076,0.419,0.072,0.141,0.354,0.34,0.529,0.973,0.19,0.22
424,0.0,0.367,0.317,0.417,0.3,1.817,0.9,0.0,1.6,0.183,0.117,0.15,0.0,0.0,0.267,0.383,0.117,0.65,0.1,0.117
425,0.0,1.336,1.555,0.482,0.482,1.136,0.918,0.0,1.473,0.627,0.064,0.236,0.0,0.073,0.327,0.173,0.364,0.564,0.318,0.264
426,0.0,1.343,1.039,0.266,0.366,0.795,0.65,0.0,1.496,0.604,0.016,0.394,0.335,0.055,0.398,0.415,0.677,1.163,0.236,0.02
427,0.0,0.255,0.315,0.128,0.155,1.304,0.461,0.774,2.412,0.128,0.017,0.077,0.012,0.196,0.23,0.709,0.09,0.474,0.175,0.029
428,0.0,0.979,1.292,0.416,0.545,1.5,0.642,0.157,1.434,0.608,0.0,0.133,0.274,0.196,0.238,0.434,0.831,0.765,0.172,0.072
429,0.0,0.278,0.315,0.185,0.093,0.259,0.315,0.0,1.426,0.611,0.0,0.519,0.0,0.0,0.574,0.537,0.093,0.926,0.0,0.0
430,0.0,1.192,0.982,0.367,0.325,1.466,0.818,0.072,1.708,0.579,0.057,0.279,0.144,0.156,0.43,0.602,0.607,1.105,0.151,0.092
431,0.0,0.817,0.752,0.157,0.239,1.299,0.784,0.069,2.668,0.375,0.035,0.108,0.065,0.132,0.336,1.174,0.358,0.763,0.336,0.022
432,0.0,1.621,0.758,0.145,0.145,1.339,1.879,0.0,2.073,0.298,0.081,0.411,0.073,0.065,0.782,0.129,0.726,1.927,0.371,0.0
433,0.0,1.053,0.869,0.283,0.28,1.452,1.023,0.043,1.828,0.391,0.061,0.167,0.222,0.083,0.351,0.49,0.742,1.005,0.207,0.088
434,0.0,0.438,0.406,0.203,0.281,1.052,0.755,0.089,2.312,0.125,0.13,0.073,0.042,0.198,0.354,0.797,0.245,0.844,0.24,0.115
435,0.0,1.391,1.696,0.565,0.348,1.783,0.304,0.0,1.0,0.0,0.0,0.348,0.0,0.13,0.217,0.478,1.87,0.696,0.391,0.0
436,0.0,0.355,0.274,0.0,0.097,0.758,0.71,0.048,3.403,0.177,0.0,0.113,0.0,0.129,0.387,1.016,0.065,0.565,0.661,0.081
437,0.0,0.583,1.75,1.625,1.625,1.25,0.333,0.167,1.25,0.667,0.0,0.125,0.625,1.125,0.0,1.167,0.292,0.667,0.0,0.292
438,0.0,1.05,0.575,0.2,0.2,1.05,1.425,0.0,2.65,0.4,0.0,0.0,0.7,0.0,1.15,0.0,0.9,1.4,0.425,0.225
439,0.0,0.65,0.627,0.054,0.115,1.704,0.415,0.0,1.196,0.181,0.012,0.265,0.015,0.115,0.154,0.558,0.95,0.538,0.092,0.004
440,0.0,1.725,1.125,0.375,0.625,1.15,0.925,0.0,1.3,0.6,0.0,0.175,0.325,0.275,0.275,0.45,0.55,1.425,0.325,0.2
441,0.0,0.662,0.638,0.075,0.104,1.238,0.642,0.221,2.504,0.167,0.067,0.058,0.029,0.104,0.233,0.679,0.233,0.721,0.471,0.029
442,0.0,1.169,1.111,0.598,0.713,1.911,0.62,0.191,1.507,0.556,0.018,0.164,0.131,0.404,0.138,0.782,0.373,0.704,0.358,0.102
443,0.0,2.288,2.225,2.088,0.5,0.95,0.7,0.0,1.712,1.488,0.0,0.475,0.225,0.0,0.125,0.362,2.175,0.975,0.238,0.0
444,0.0,0.25,0.4,0.05,0.1,0.6,0.2,0.0,1.95,0.15,0.2,0.15,0.0,0.35,0.35,0.4,0.0,0.7,0.2,0.0
445,0.0,1.35,0.625,0.0,0.3,1.125,1.1,0.0,1.825,0.2,0.0,0.475,0.0,0.0,0.375,0.475,0.65,0.95,0.25,0.0
446,0.0,2.4,2.6,0.16,0.36,0.0,0.96,0.0,1.52,1.7,0.0,0.0,1.08,0.0,0.52,0.38,1.6,2.02,0.38,0.0
447,0.0,0.759,0.621,0.172,0.345,1.092,0.632,0.023,1.575,0.241,0.0,0.069,0.115,0.161,0.034,0.713,0.23,0.816,0.172,0.138
448,0.0,3.5,3.35,0.15,0.15,0.55,0.75,0.0,0.65,0.85,0.0,0.25,0.75,0.0,0.25,0.15,2.75,1.25,0.15,0.0
449,0.0,1.0,1.208,0.542,0.542,1.042,1.167,0.0,2.208,0.292,0.0,0.208,0.5,0.542,0.333,0.542,0.333,2.333,0.208,0.208
450,0.0,0.833,0.746,0.233,0.154,1.275,1.479,0.079,2.458,0.312,0.154,0.154,0.183,0.108,0.688,0.462,0.725,1.496,0.304,0.042
451,0.0,0.615,0.385,0.0,0.135,1.308,0.269,0.981,1.577,0.173,0.077,0.0,0.058,0.038,0.192,1.019,0.154,0.269,0.077,0.0
452,0.0,0.357,0.259,0.034,0.093,1.048,0.475,0.126,2.067,0.123,0.05,0.103,0.003,0.066,0.235,0.683,0.174,0.669,0.194,0.057
453,0.0,2.814,1.453,0.163,0.349,1.442,0.686,0.0,0.953,0.453,0.0,0.047,0.0,0.047,0.0,0.419,1.314,1.151,0.163,0.256
454,0.0,1.741,0.741,0.0,0.0,0.796,2.778,0.0,2.981,0.0,0.0,0.148,0.37,0.0,0.556,0.185,0.815,1.963,0.407,0.185
455,0.0,1.742,1.242,0.306,0.306,1.113,1.323,0.0,0.903,0.339,0.0,0.113,0.113,0.113,0.645,0.355,0.774,2.016,0.113,0.0
456,0.0,2.843,2.396,0.627,0.313,0.642,0.672,0.0,0.634,0.903,0.0,0.06,0.567,0.0,0.231,0.366,1.701,1.179,0.119,0.06
457,0.005,0.484,0.294,0.066,0.086,1.135,0.595,0.058,1.122,0.173,0.044,0.231,0.029,0.038,0.257,0.368,0.216,0.726,0.049,0.029
458,0.0,1.737,1.447,0.211,0.303,1.0,0.75,0.0,1.414,0.566,0.0,0.158,0.053,0.086,0.145,0.737,0.836,1.112,0.211,0.092
459,0.0,1.636,1.682,0.227,0.455,1.273,0.545,0.0,0.864,0.864,0.0,0.0,0.0,0.227,0.545,0.909,1.0,1.682,0.0,0.0
460,0.0,0.611,0.553,0.217,0.382,2.165,0.65,0.077,1.535,0.4,0.086,0.085,0.014,0.231,0.261,0.815,0.292,0.609,0.051,0.069
461,0.0,0.784,0.593,0.164,0.21,1.126,0.515,0.019,1.254,0.311,0.034,0.284,0.05,0.123,0.21,0.629,0.375,0.802,0.083,0.052
462,0.0,0.618,0.363,0.0,0.0,2.892,0.275,0.078,1.216,0.324,0.0,0.118,0.0,0.059,0.225,1.5,0.343,0.49,0.176,0.069
463,0.0,0.94,0.7,0.116,0.174,1.164,0.495,0.0,1.611,0.308,0.029,0.304,0.017,0.112,0.304,0.853,0.605,0.942,0.207,0.05
464,0.0,2.067,1.367,0.467,0.767,1.533,0.933,0.0,1.0,0.367,0.0,0.233,0.167,0.333,0.3,1.067,0.733,1.467,0.0,0.133
465,0.0,0.385,0.641,0.103,0.5,2.026,0.833,0.0,2.423,0.641,0.0,0.0,0.205,0.128,0.09,1.667,0.077,0.692,0.0,0.0
466,0.0,0.88,1.106,0.681,0.829,1.759,0.292,0.06,1.63,0.532,0.014,0.157,0.065,0.602,0.245,0.949,0.505,0.426,0.264,0.088
467,0.0,0.125,0.266,0.0,0.0,1.359,0.641,0.0,3.203,0.062,0.0,0.062,0.0,0.0,0.406,1.344,0.141,0.547,0.047,0.109
468,0.0,0.45,0.507,0.17,0.226,1.102,0.435,0.244,1.474,0.269,0.097,0.144,0.039,0.159,0.239,0.528,0.295,0.556,0.174,0.062
469,0.0,0.524,0.619,0.405,0.095,1.619,0.429,0.0,2.095,0.405,0.0,0.238,0.0,0.238,0.19,1.262,0.31,1.143,0.0,0.0
470,0.0,0.471,0.645,0.275,0.196,0.833,0.522,0.0,1.536,0.819,0.384,1.007,0.0,0.232,0.471,0.478,0.493,0.949,0.116,0.0
471,0.0,1.583,1.5,0.463,0.586,0.975,0.282,0.053,0.993,0.454,0.0,0.468,0.09,0.241,0.169,0.419,0.662,1.285,0.382,0.021
472,0.0,0.526,0.547,0.217,0.257,1.564,0.623,0.244,1.943,0.267,0.128,0.181,0.025,0.189,0.253,0.723,0.284,0.663,0.22,0.115
473,0.0,1.921,1.197,0.441,0.493,1.868,0.961,0.066,2.086,0.546,0.066,0.053,0.546,0.066,0.237,0.908,0.691,0.993,0.329,0.066
474,0.0,1.098,0.927,0.22,0.317,1.439,0.537,0.0,1.805,0.439,0.0,0.463,0.122,0.902,0.0,1.098,0.463,0.366,0.171,0.22
475,0.0,1.427,0.918,0.237,0.255,0.811,0.511,0.025,1.06,0.363,0.012,0.201,0.405,0.047,0.207,0.228,0.724,0.845,0.164,0.038
476,0.0,0.891,0.522,0.152,0.109,1.196,0.652,0.0,1.565,0.326,0.0,0.5,0.0,0.087,0.326,0.37,0.413,0.913,0.0,0.022
477,0.0,1.81,1.238,0.024,0.119,1.119,0.31,0.0,0.167,0.214,0.0,0.095,0.19,0.024,0.048,0.0,2.095,0.786,0.0,0.19
478,0.0,1.655,1.581,0.0,0.0,1.378,1.399,0.0,2.716,0.689,0.061,0.0,0.541,0.0,0.595,0.392,0.75,1.135,0.318,0.054
479,0.0,1.328,1.389,0.212,0.409,1.505,1.005,0.121,1.783,0.753,0.0,0.187,0.576,0.0,0.439,0.591,0.621,0.823,0.283,0.04
480,0.0,1.426,1.011,0.246,0.331,1.291,0.963,0.044,1.733,0.5,0.025,0.343,0.269,0.071,0.589,0.586,0.771,1.689,0.197,0.044
481,0.0,0.731,0.709,0.211,0.179,1.072,0.726,0.222,2.615,0.508,0.054,0.2,0.153,0.173,0.407,0.839,0.57,0.865,0.234,0.073
482,0.0,0.627,0.203,0.0,0.051,0.898,0.136,0.0,0.424,0.424,0.0,3.237,0.0,0.0,0.288,0.153,0.814,1.017,0.0,0.0
483,0.0,2.202,1.34,0.021,0.021,0.576,0.916,0.0,1.298,0.134,0.038,0.324,0.311,0.021,0.307,0.126,1.504,1.597,0.265,0.076
484,0.0,1.3,0.95,0.15,0.35,1.15,0.0,0.0,1.2,0.75,0.0,0.2,0.0,0.2,0.45,0.9,0.95,1.95,0.2,0.0
485,0.0,0.25,0.775,0.0,0.575,1.875,0.825,0.0,1.4,0.175,0.0,0.5,0.0,0.6,0.125,0.55,0.15,0.75,0.0,0.0
486,0.0,1.058,1.083,0.264,0.261,2.156,0.341,0.0,1.373,0.337,0.036,0.138,0.373,0.072,0.174,0.536,1.257,0.572,0.094,0.091
487,0.0,0.763,0.566,0.158,0.375,1.493,0.474,0.0,1.809,0.257,0.0,0.151,0.086,0.158,0.224,1.092,0.191,1.184,0.197,0.066
488,0.0,0.602,0.935,0.824,0.296,1.222,0.833,0.074,2.667,0.88,0.0,0.25,0.0,0.083,0.324,0.38,0.491,1.454,0.157,0.0
489,0.0,0.25,0.583,0.542,0.333,1.917,0.458,0.0,2.208,0.333,0.0,0.167,0.0,0.208,0.292,0.708,0.542,0.25,0.167,0.0
490,0.0,2.0,1.455,0.045,0.091,0.955,0.864,0.0,1.0,0.273,0.0,0.0,0.0,0.045,0.5,0.318,0.273,2.136,0.0,0.0
491,0.0,0.444,0.381,0.19,0.254,2.444,0.302,0.0,1.921,0.206,0.0,0.413,0.0,0.048,0.317,1.048,0.127,0.429,0.143,0.048
492,0.0,0.297,0.189,0.0,0.068,0.568,0.486,0.054,3.149,0.311,0.108,0.027,0.0,0.041,0.392,0.919,0.203,0.514,0.203,0.0
493,0.0,0.164,0.364,0.064,0.291,1.982,0.255,0.0,1.927,0.382,0.073,0.091,0.0,0.118,0.236,2.655,0.1,0.355,0.218,0.055
494,0.0,1.372,0.955,0.051,0.051,1.199,1.308,0.0,1.955,0.135,0.0,0.058,0.045,0.083,0.218,0.423,0.526,1.231,0.635,0.109
495,0.0,1.56,1.12,0.32,0.52,0.68,0.56,0.0,2.44,0.52,0.0,0.12,0.48,0.32,0.16,0.68,0.96,1.6,0.72,0.2
496,0.0,1.571,0.929,0.127,0.31,0.984,0.571,0.0,1.889,0.278,0.0,0.183,0.103,0.127,0.214,0.881,0.389,1.595,0.19,0.214
497,0.0,0.371,0.41,0.0,0.086,1.571,0.267,0.181,2.381,0.314,0.038,0.152,0.0,0.105,0.219,0.971,0.324,0.229,0.181,0.0
498,0.0,1.05,1.375,0.225,0.225,2.275,0.0,0.0,0.225,0.425,0.0,0.1,0.325,0.35,0.0,1.075,1.025,0.35,0.2,0.0
499,0.0,0.667,0.636,0.0,0.121,0.606,1.485,0.121,2.818,0.242,0.424,0.0,0.0,0.0,0.455,0.697,0.364,0.909,0.576,0.121
500,0.0,0.337,0.629,0.396,0.578,1.898,0.229,0.016,1.179,0.58,0.0,0.046,0.108,0.331,0.094,1.199,0.131,0.209,0.116,0.016
501,0.0,0.773,0.751,0.52,0.547,1.2,1.222,0.14,2.02,0.49,0.015,0.273,0.249,0.113,0.525,0.539,0.532,1.374,0.18,0.01
502,0.0,1.088,0.717,0.133,0.106,1.832,1.009,0.035,1.805,0.248,0.115,0.035,0.027,0.088,0.283,0.699,0.69,0.92,0.133,0.071
503,0.0,1.466,1.886,0.784,0.773,0.955,0.648,0.0,1.125,0.705,0.0,0.091,0.636,0.023,0.182,0.841,1.114,0.534,0.182,0.0
504,0.0,1.292,0.292,0.042,0.042,1.333,0.625,0.0,1.042,0.0,0.0,0.125,0.0,0.042,0.458,0.75,0.333,1.167,0.125,0.125
505,0.0,0.443,0.544,0.11,0.154,1.244,0.371,0.023,1.948,0.185,0.129,0.089,0.014,0.322,0.315,1.099,0.257,0.656,0.29,0.087
506,0.0,0.81,1.19,0.619,0.905,1.571,0.333,0.0,0.81,1.048,0.0,0.143,0.143,0.476,0.286,0.333,0.905,1.143,0.0,0.0
507,0.0,1.5,1.342,0.447,0.526,1.132,0.579,0.0,0.763,0.368,0.0,0.0,0.0,0.184,0.211,0.368,1.105,1.368,0.0,0.0
508,0.0,0.667,0.604,0.125,0.458,1.458,0.833,0.0,1.792,0.292,0.0,0.104,0.167,0.208,0.333,0.958,0.292,1.562,0.396,0.062
509,0.0,0.477,0.375,0.081,0.114,1.246,0.61,0.142,2.078,0.204,0.038,0.106,0.034,0.123,0.21,0.655,0.242,0.562,0.18,0.085
510,0.0,0.28,0.248,0.019,0.05,1.137,0.615,0.025,2.298,0.093,0.043,0.075,0.0,0.075,0.168,0.882,0.137,0.441,0.18,0.112
511,0.0,0.226,0.548,0.161,0.0,1.774,1.516,0.161,2.935,0.0,0.0,0.0,0.129,0.0,0.161,0.677,0.0,1.355,0.0,0.161
512,0.0,1.556,1.093,0.148,0.148,1.185,1.037,0.0,2.537,0.148,0.0,0.0,0.333,0.0,0.481,0.963,0.87,1.185,0.5,0.0
513,0.0,1.5,1.0,0.182,0.182,0.955,1.0,0.0,2.136,0.182,0.0,0.227,0.318,0.182,0.0,0.864,0.455,1.727,1.091,0.136
514,0.0,0.596,0.572,0.223,0.375,1.17,0.516,0.059,1.785,0.37,0.051,0.311,0.024,0.237,0.245,0.702,0.418,0.766,0.157,0.082
515,0.0,1.353,1.044,0.353,0.882,1.294,0.882,0.147,2.471,0.426,0.0,0.074,0.397,0.103,0.265,0.706,0.618,0.794,0.0,0.0
516,0.0,1.181,0.584,0.134,0.215,1.181,0.678,0.0,1.477,0.181,0.0,0.289,0.047,0.107,0.188,0.879,0.362,1.242,0.208,0.107
517,0.0,1.738,1.286,0.238,0.357,2.024,0.643,0.0,1.452,0.571,0.0,0.095,0.119,0.238,0.143,1.571,0.595,1.143,0.476,0.31
518,0.0,0.771,0.809,0.3,0.69,1.754,0.328,0.003,1.223,0.496,0.0,0.322,0.013,0.301,0.168,0.897,0.443,0.662,0.058,0.057
519,0.0,0.872,0.725,0.297,0.091,2.612,0.731,0.159,1.772,0.497,0.031,0.244,0.044,0.138,0.225,0.506,0.55,0.553,0.231,0.112
520,0.0,1.075,0.893,0.211,0.279,0.87,0.948,0.0,1.61,0.396,0.084,0.169,0.166,0.078,0.357,0.451,0.623,1.045,0.282,0.019
521,0.0,1.418,0.755,0.071,0.071,0.796,1.347,0.0,2.347,0.388,0.0,0.092,0.173,0.163,0.745,0.765,0.735,1.592,0.286,0.0
522,0.0,0.984,0.446,0.096,0.098,1.394,0.872,0.022,1.488,0.126,0.036,0.07,0.14,0.066,0.19,0.504,0.37,0.688,0.192,0.058
523,0.0,1.675,1.278,0.341,0.437,1.294,0.766,0.0,1.571,0.548,0.04,0.226,0.159,0.27,0.377,1.099,0.794,1.246,0.179,0.071
524,0.0,1.055,1.102,0.109,0.18,0.938,1.141,0.0,1.969,0.703,0.0,0.25,0.469,0.0,0.469,0.344,0.477,1.398,0.094,0.117
525,0.0,2.399,1.58,0.094,0.232,0.717,0.703,0.0,0.928,0.486,0.0,0.319,0.036,0.029,0.196,0.326,1.775,1.507,0.094,0.065
526,0.0,1.148,1.352,0.796,0.796,0.741,0.333,0.0,2.093,0.741,0.0,0.463,0.481,0.0,0.889,0.63,1.704,2.093,0.0,0.0
527,0.0,1.067,0.893,0.074,0.141,1.07,0.478,0.0,1.696,0.348,0.0,0.159,0.044,0.063,0.104,0.767,0.537,0.667,0.296,0.13
528,0.0,0.835,0.638,0.028,0.028,1.378,0.634,0.055,1.587,0.28,0.0,0.13,0.059,0.138,0.331,0.724,0.465,0.736,0.083,0.051
529,0.0,0.233,0.31,0.084,0.18,1.308,0.395,0.189,2.204,0.209,0.087,0.066,0.026,0.272,0.205,0.909,0.167,0.368,0.253,0.074
530,0.0,0.936,1.179,1.282,1.449,1.256,0.449,0.0,1.667,0.641,0.0,0.026,0.128,0.91,0.038,1.038,0.603,0.603,0.244,0.0
531,0.0,0.417,0.886,0.697,1.042,1.792,0.242,0.0,1.083,0.788,0.0,0.034,0.095,0.583,0.08,0.86,0.341,0.25,0.144,0.034
532,0.0,1.745,1.441,0.088,0.235,1.098,0.275,0.0,1.206,0.412,0.0,0.225,0.0,0.0,0.343,0.49,0.843,1.118,0.5,0.069
533,0.0,0.969,0.828,0.0,0.11,0.681,0.368,0.0,2.129,0.147,0.0,0.178,0.025,0.055,0.135,0.521,1.393,0.755,0.221,0.074
534,0.0,1.353,0.832,0.178,0.343,0.96,0.776,0.0,1.637,0.264,0.01,0.191,0.033,0.076,0.452,0.828,0.304,1.832,0.152,0.106
535,0.0,1.286,0.794,0.19,0.317,0.984,0.714,0.0,1.111,0.317,0.0,0.175,0.063,0.19,0.143,0.333,0.476,1.302,0.175,0.079
536,0.0,0.817,0.514,0.092,0.303,1.459,0.725,0.083,1.908,0.138,0.0,0.211,0.092,0.092,0.339,0.881,0.257,1.046,0.147,0.239
537,0.0,0.498,0.544,0.16,0.293,1.58,0.42,0.039,2.049,0.345,0.13,0.124,0.013,0.345,0.345,1.231,0.391,0.674,0.241,0.156
538,0.0,1.16,1.16,0.48,0.48,0.88,1.12,0.2,1.92,0.32,0.0,0.12,0.28,0.28,0.0,0.64,0.28,1.08,0.16,0.28
539,0.0,0.115,0.577,0.0,0.0,1.038,0.769,0.192,3.077,0.154,0.0,0.0,0.0,0.346,0.154,1.038,0.115,0.462,0.154,0.0
540,0.0,0.95,1.0,0.275,0.2,1.525,1.0,0.0,0.975,0.2,0.0,0.2,0.0,0.0,0.825,1.25,0.75,1.525,0.0,0.0
541,0.0,1.0,0.379,0.0,0.0,1.034,0.31,0.138,1.552,0.138,0.0,0.483,0.0,0.103,0.69,0.207,0.621,1.069,0.138,0.0
542,0.0,0.921,2.524,1.143,1.611,1.143,0.389,0.0,1.254,1.722,0.0,0.071,0.937,0.151,0.294,0.444,0.651,0.278,0.127,0.0
543,0.0,1.522,1.848,0.457,1.196,2.239,0.326,0.0,0.783,0.848,0.0,0.0,0.0,0.435,0.196,0.826,0.652,1.174,0.109,0.0
544,0.0,1.261,0.685,0.019,0.0,1.073,0.858,0.187,2.957,0.146,0.017,0.216,0.269,0.047,0.271,0.496,0.946,1.254,0.608,0.049
545,0.0,0.196,0.054,0.0,0.109,1.0,0.62,0.0,3.5,0.141,0.087,0.054,0.0,0.054,0.304,1.13,0.087,0.598,0.043,0.0
546,0.0,1.262,1.508,0.585,0.2,2.238,0.638,0.008,1.746,0.623,0.0,0.246,0.215,0.0,0.485,0.423,2.023,0.915,0.215,0.154
547,0.003,0.245,0.245,0.071,0.129,1.045,0.495,0.269,2.13,0.159,0.142,0.153,0.038,0.242,0.264,0.74,0.166,0.574,0.119,0.056
548,0.0,0.971,0.659,0.116,0.203,1.486,0.674,0.058,1.319,0.196,0.0,0.072,0.065,0.109,0.217,0.674,0.391,1.159,0.152,0.094
549,0.0,0.455,0.227,0.0,0.136,1.364,1.091,0.0,1.318,0.205,0.159,0.091,0.0,0.136,0.295,0.159,0.545,0.409,0.273,0.0
550,0.0,1.837,0.874,0.104,0.104,0.785,0.896,0.0,1.4,0.148,0.104,0.178,0.0,0.03,0.474,0.615,0.793,1.904,0.341,0.037
551,0.0,0.624,0.812,0.424,1.118,1.082,0.376,0.0,1.153,0.506,0.0,0.329,0.118,0.553,0.165,0.471,0.541,0.729,0.035,0.224
552,0.0,1.026,0.447,0.289,0.447,1.079,0.974,0.0,0.947,0.342,0.0,0.263,0.0,0.263,0.105,0.184,0.526,1.105,0.263,0.079
553,0.0,2.597,1.861,0.187,0.241,0.858,0.766,0.015,1.281,0.689,0.025,0.092,0.781,0.02,0.313,0.289,1.075,1.246,0.455,0.092
554,0.0,0.531,0.547,0.062,0.125,1.141,0.328,0.0,2.0,0.234,0.0,0.453,0.0,0.062,0.188,0.688,0.359,0.625,0.203,0.031
555,0.0,0.813,0.52,0.0,0.053,0.987,0.427,0.04,1.947,0.093,0.0,0.187,0.04,0.0,0.093,0.587,0.507,0.733,0.28,0.04
556,0.0,1.8,1.76,0.16,0.32,0.88,1.16,0.0,2.04,0.0,0.0,0.2,0.36,0.16,0.12,0.16,0.96,2.48,0.2,0.2
557,0.0,0.197,0.598,0.568,1.311,1.947,0.008,0.0,0.235,0.439,0.0,0.0,0.098,0.417,0.061,0.614,0.061,0.068,0.0,0.015
558,0.0,0.391,0.381,0.102,0.14,1.056,0.819,0.028,3.2,0.093,0.112,0.242,0.014,0.079,0.372,0.8,0.321,0.851,0.274,0.13
559,0.0,1.333,1.194,0.318,0.481,1.419,0.55,0.0,2.14,0.271,0.116,0.109,0.07,0.209,0.302,0.884,0.736,1.155,0.31,0.109
560,0.0,1.4,1.375,0.51,0.765,1.35,0.61,0.0,1.27,0.325,0.0,0.66,0.085,0.195,0.205,0.28,1.075,1.43,0.125,0.05
561,0.0,1.524,1.27,0.331,0.427,1.627,0.502,0.025,1.046,0.791,0.025,0.211,0.174,0.297,0.204,0.652,0.775,0.865,0.09,0.066
562,0.0,1.545,1.184,0.225,0.342,1.638,0.885,0.038,1.569,0.615,0.032,0.186,0.174,0.144,0.285,0.842,0.743,1.15,0.158,0.075
563,0.0,1.68,1.022,0.566,0.155,1.006,1.028,0.041,2.085,0.421,0.028,0.139,0.513,0.044,0.424,0.313,1.085,1.18,0.547,0.028
564,0.0,0.528,0.488,0.173,0.329,1.33,0.38,0.065,1.539,0.283,0.045,0.559,0.006,0.166,0.267,0.582,0.399,0.829,0.087,0.047
565,0.0,0.963,0.778,0.0,0.0,1.259,0.296,0.0,2.222,0.074,0.148,0.0,0.111,0.0,0.0,1.0,0.926,0.852,0.296,0.074
566,0.0,2.977,1.114,0.0,0.0,1.25,1.273,0.0,1.295,0.409,0.0,0.386,0.886,0.0,0.227,0.0,1.068,1.455,0.0,0.0
567,0.0,1.088,0.779,0.103,0.103,1.132,1.912,0.0,2.368,0.441,0.0,0.265,0.132,0.0,0.309,0.676,0.868,1.441,0.324,0.0
568,0.0,2.351,1.676,0.297,0.378,0.838,1.216,0.0,1.189,0.378,0.0,0.216,0.189,0.216,0.135,0.514,0.784,2.432,0.135,0.054
569,0.0,0.824,0.353,0.0,0.118,1.4,0.859,0.0,2.494,0.129,0.247,0.047,0.0,0.271,0.647,2.212,0.024,0.941,0.647,0.024
570,0.0,2.238,1.531,0.102,0.176,0.539,0.875,0.0,1.348,0.527,0.0,0.188,0.387,0.0,0.254,0.254,0.457,1.895,0.242,0.023
571,0.0,1.212,0.61,0.195,0.169,1.542,0.619,0.076,1.119,0.364,0.0,0.432,0.203,0.0,0.458,0.602,0.814,1.11,0.195,0.127
572,0.038,1.425,0.849,0.217,0.278,0.778,0.934,0.0,1.873,0.533,0.0,0.325,0.255,0.042,0.175,0.825,0.495,1.311,0.241,0.061
573,0.0,0.632,0.895,0.842,1.105,1.5,0.316,0.0,1.737,0.684,0.079,0.053,0.105,0.605,0.184,1.053,0.211,0.553,0.579,0.105
574,0.0,1.466,0.934,0.218,0.251,1.444,1.057,0.0,1.386,0.294,0.063,0.154,0.126,0.05,0.3,0.617,0.651,1.25,0.132,0.058
575,0.0,0.505,0.603,0.181,0.355,1.581,0.338,0.0,1.532,0.367,0.059,0.048,0.015,0.488,0.23,1.049,0.208,0.364,0.208,0.225
576,0.0,1.368,0.974,0.0,0.0,0.763,0.421,0.5,1.974,0.079,0.0,0.0,0.263,0.263,0.132,0.763,1.421,0.921,0.0,0.0
577,0.0,1.443,1.889,0.638,0.876,1.642,0.495,0.03,1.502,1.104,0.032,0.186,0.079,0.308,0.219,0.753,0.882,0.83,0.297,0.066
578,0.0,0.324,0.382,0.118,0.235,0.544,0.735,0.0,2.294,0.118,0.0,0.118,0.059,0.162,0.309,0.75,0.162,0.588,0.294,0.0
579,0.0,0.238,0.357,0.071,0.31,0.619,0.024,0.0,0.286,0.262,0.0,0.024,0.0,0.0,0.167,0.333,0.19,0.429,0.0,0.0
580,0.0,1.03,0.842,0.336,0.299,1.3,0.512,0.05,1.332,0.501,0.033,0.368,0.09,0.155,0.231,0.539,0.63,0.73,0.175,0.047
581,0.0,0.612,0.286,0.173,0.327,0.929,0.306,0.01,0.459,0.112,0.0,0.02,0.01,0.092,0.01,0.194,0.02,0.194,0.01,0.071
582,0.0,0.649,0.964,0.667,1.004,1.54,0.196,0.0,1.38,0.786,0.0,0.196,0.091,1.395,0.13,1.283,0.283,0.33,0.043,0.022
583,0.0,1.775,0.775,0.0,0.0,0.4,2.675,0.0,3.275,0.0,0.0,0.125,1.025,0.0,0.225,0.4,0.575,1.2,0.175,0.2
584,0.0,1.43,0.974,0.295,0.378,1.078,0.94,0.0,1.772,0.526,0.0,0.212,0.352,0.062,0.389,0.666,0.645,1.223,0.236,0.044
585,0.0,0.49,0.543,0.157,0.23,2.403,0.587,0.013,1.99,0.28,0.203,0.13,0.0,0.333,0.317,1.01,0.317,0.533,0.483,0.107
586,0.0,1.386,1.272,0.211,0.14,0.947,1.035,0.0,1.526,0.509,0.061,0.123,0.0,0.0,0.307,0.368,0.833,1.404,0.202,0.053
587,0.0,0.301,0.379,0.022,0.055,1.194,0.688,0.198,2.796,0.203,0.182,0.096,0.009,0.14,0.45,1.005,0.109,0.602,0.325,0.109
588,0.0,1.423,1.0,0.058,0.058,0.962,1.058,0.0,1.462,0.058,0.0,0.135,0.135,0.058,0.327,0.404,0.365,1.788,0.365,0.135
589,0.0,2.674,1.721,0.093,0.093,0.698,0.814,0.0,0.744,0.395,0.0,0.07,0.093,0.093,0.256,0.302,0.744,2.0,0.07,0.163
590,0.0,1.382,0.787,0.146,0.225,1.202,0.64,0.0,1.326,0.315,0.0,0.101,0.124,0.146,0.236,0.697,0.539,1.202,0.315,0.191
591,0.0,0.783,0.767,0.75,0.95,2.117,0.483,0.0,0.85,0.967,0.0,0.1,0.0,0.683,0.1,1.05,0.35,0.2,0.233,0.0
592,0.0,2.248,1.654,0.211,0.361,1.233,0.511,0.008,0.767,0.308,0.0,0.301,0.053,0.15,0.188,0.376,0.932,1.496,0.135,0.0
593,0.0,1.557,0.829,0.057,0.229,1.343,0.757,0.057,1.329,0.329,0.0,0.214,0.057,0.0,0.243,0.914,0.714,1.814,0.114,0.0
594,0.0,1.227,0.733,0.227,0.227,1.88,1.2,0.307,1.307,0.2,0.187,0.32,0.0,0.173,0.253,0.4,0.733,0.867,0.253,0.053
595,0.0,0.337,0.791,0.871,1.325,1.558,0.479,0.294,1.761,0.558,0.11,0.049,0.061,1.0,0.196,0.945,0.135,0.503,0.074,0.043
596,0.0,1.049,0.601,0.07,0.148,1.07,0.887,0.084,1.921,0.233,0.03,0.297,0.043,0.062,0.411,0.576,0.484,1.341,0.251,0.077
597,0.0,0.886,0.767,0.272,0.386,1.817,0.619,0.025,1.302,0.312,0.243,0.426,0.0,0.178,1.054,0.896,1.277,1.183,0.228,0.064
598,0.0,0.593,0.758,0.26,0.346,1.899,0.413,0.054,1.332,0.402,0.016,0.183,0.024,0.264,0.213,0.612,0.381,0.516,0.189,0.04
599,0.0,0.602,0.958,0.164,0.417,2.724,0.151,0.031,1.375,0.789,0.0,0.018,0.396,0.247,0.156,1.911,0.383,0.312,0.07,0.0
600,0.0,0.8,1.357,1.743,1.643,0.957,0.386,0.0,2.114,0.857,0.0,0.0,0.771,0.629,0.371,0.8,0.514,0.643,0.129,0.0
601,0.0,1.261,0.685,0.239,0.076,0.326,0.837,0.0,2.25,0.076,0.0,0.228,0.315,0.0,0.967,0.435,1.587,1.75,0.087,0.0
602,0.0,0.527,0.674,0.38,0.612,0.961,0.667,0.07,2.062,0.45,0.031,0.194,0.101,0.481,0.178,0.798,0.264,0.868,0.14,0.031
603,0.0,1.553,1.474,0.675,1.149,1.5,0.316,0.0,0.912,0.921,0.0,0.079,0.123,0.746,0.07,0.561,0.789,0.763,0.211,0.105
604,0.0,0.95,0.55,0.0,0.1,1.25,0.45,0.0,0.725,0.175,0.0,0.175,0.0,0.0,0.175,0.0,0.25,1.075,0.0,0.375
605,0.0,0.455,0.588,0.201,0.572,1.24,0.311,0.039,1.295,0.275,0.071,0.146,0.027,0.256,0.245,0.62,0.183,0.558,0.108,0.043
606,0.0,0.567,0.717,0.358,0.242,1.917,1.192,0.0,2.608,0.425,0.083,0.225,0.067,0.133,0.458,0.658,0.317,1.225,0.0,0.0
607,0.0,1.43,1.174,0.251,0.409,1.628,0.796,0.018,1.121,0.491,0.02,0.184,0.089,0.143,0.22,0.533,0.652,1.056,0.133,0.101
608,0.0,0.696,0.338,0.081,0.071,0.973,1.196,0.074,2.409,0.118,0.169,0.311,0.0,0.047,0.541,0.598,0.314,1.318,0.189,0.101
609,0.0,0.171,0.164,0.007,0.043,0.55,0.421,0.107,1.014,0.121,0.036,0.293,0.0,0.064,0.2,0.25,0.014,0.371,0.093,0.007
610,0.0,0.329,0.47,0.152,0.152,1.695,0.756,0.037,2.689,0.195,0.091,0.201,0.0,0.0,0.409,1.098,0.323,0.933,0.201,0.061
611,0.0,1.771,1.314,0.229,0.229,0.971,0.643,0.0,1.4,0.614,0.0,0.086,0.314,0.271,0.3,0.957,0.414,1.686,0.271,0.0
612,0.0,1.258,1.205,0.273,0.5,1.356,0.72,0.0,1.553,0.379,0.0,0.061,0.235,0.167,0.212,0.477,0.523,1.061,0.129,0.106
613,0.0,1.5,1.085,0.255,0.255,1.142,0.953,0.0,1.896,0.443,0.0,0.245,0.0,0.0,0.292,0.255,0.491,1.33,0.189,0.0
614,0.0,0.566,0.323,0.03,0.091,1.586,0.939,0.0,1.828,0.071,0.293,0.162,0.0,0.222,0.576,1.273,0.131,0.808,0.313,0.0
615,0.0,1.514,1.081,0.261,0.26,1.181,0.745,0.031,1.532,0.44,0.012,0.335,0.373,0.069,0.304,0.429,0.936,1.249,0.226,0.064
616,0.0,0.775,0.6,0.1,0.2,1.4,0.75,0.0,1.95,0.475,0.0,0.075,0.0,0.1,0.075,1.25,0.4,1.1,0.225,0.0
617,0.0,0.253,0.36,0.187,0.213,1.64,0.227,0.0,1.293,0.413,0.04,1.093,0.053,0.173,0.28,0.653,0.173,0.96,0.12,0.0
618,0.0,0.839,0.355,0.129,0.129,0.742,0.774,0.129,2.484,0.258,0.129,0.903,0.0,0.387,0.29,1.0,0.516,1.548,0.323,0.0
619,0.0,1.326,0.884,0.186,0.233,0.86,1.116,0.116,1.512,0.116,0.0,0.163,0.186,0.186,0.279,0.512,0.558,1.395,0.093,0.256
620,0.0,0.596,1.0,0.564,0.613,1.398,0.282,0.047,1.276,0.701,0.0,0.035,0.523,0.299,0.113,0.991,0.401,0.401,0.113,0.0
621,0.0,0.5,0.911,0.274,0.363,2.663,0.242,0.079,1.363,0.811,0.0,0.058,0.0,0.353,0.216,0.647,0.626,0.263,0.142,0.089
622,0.0,2.677,1.71,0.581,0.468,0.629,1.306,0.161,1.661,0.484,0.097,0.29,0.806,0.145,0.419,0.306,1.242,1.097,0.161,0.145
623,0.0,1.704,1.413,0.432,0.568,1.908,0.869,0.0,1.558,0.602,0.0,0.058,0.282,0.112,0.218,0.675,0.68,1.034,0.17,0.0
624,0.001,0.944,0.669,0.161,0.23,1.51,0.508,0.043,0.965,0.249,0.006,0.09,0.133,0.112,0.159,0.361,0.435,0.676,0.094,0.095
625,0.0,1.41,1.366,0.515,0.246,0.799,0.463,0.201,2.373,0.5,0.0,0.067,0.716,0.0,0.463,0.672,1.351,1.276,0.269,0.06
626,0.0,0.76,0.547,0.207,0.227,1.373,0.413,0.0,1.34,0.253,0.033,0.84,0.0,0.08,0.387,0.46,0.447,1.193,0.053,0.02
627,0.0,1.075,0.675,0.072,0.08,0.698,0.93,0.08,1.451,0.304,0.039,0.327,0.183,0.039,0.43,0.464,0.446,1.381,0.162,0.046
628,0.0,0.69,0.339,0.098,0.029,0.868,0.816,0.046,2.04,0.207,0.109,0.161,0.04,0.023,0.477,0.489,0.471,1.075,0.195,0.184
629,0.0,0.647,0.971,0.324,0.441,1.471,0.353,0.0,1.853,0.235,0.0,0.235,0.147,0.235,0.0,0.941,0.353,0.853,0.5,0.618
630,0.0,0.739,0.63,0.174,0.174,1.391,1.326,0.196,2.261,0.326,0.196,0.087,0.283,0.0,0.957,1.196,0.413,1.174,0.196,0.0
631,0.0,1.29,0.516,0.0,0.129,0.548,0.645,0.0,1.71,0.129,0.161,0.323,0.0,0.0,0.871,0.613,0.355,1.839,0.355,0.0
632,0.0,2.103,1.179,0.231,0.423,1.038,0.91,0.0,1.756,0.128,0.0,0.218,0.333,0.0,0.0,0.397,0.59,1.308,0.551,0.0
633,0.0,0.75,0.75,0.188,0.406,1.188,0.688,0.0,1.625,0.312,0.0,0.0,0.219,0.312,0.094,0.656,0.438,1.219,0.219,0.125
634,0.0,0.636,0.523,0.136,0.068,1.182,1.159,0.0,1.523,0.068,0.0,0.0,0.0,0.0,0.227,0.159,0.523,0.25,0.477,0.159
635,0.0,0.273,0.114,0.0,0.0,0.841,2.068,0.0,2.114,0.0,0.0,0.614,0.0,0.0,0.5,0.182,0.364,1.591,0.25,0.114
636,0.0,0.333,0.567,0.1,0.267,1.8,0.7,0.0,1.933,0.6,0.0,0.1,0.0,0.167,0.4,0.8,0.467,0.767,0.0,0.0
637,0.0,0.7,0.42,0.0,0.12,1.34,1.1,0.0,2.32,0.42,0.0,0.14,0.0,0.24,0.4,0.58,0.5,0.72,0.4,0.0
638,0.0,0.6,0.875,0.225,0.4,1.925,0.225,0.0,0.675,0.0,0.0,0.2,0.0,0.175,0.0,0.65,0.95,0.225,0.0,0.425
639,0.0,0.709,0.673,0.164,0.236,0.764,0.6,0.091,2.055,0.127,0.0,0.127,0.182,0.164,0.236,0.8,0.345,1.182,0.218,0.164
640,0.0,0.796,1.102,0.143,0.469,1.245,0.367,0.122,1.49,0.224,0.0,0.061,0.0,0.347,0.061,1.082,0.49,0.633,0.163,0.0
641,0.0,0.757,0.571,0.114,0.371,1.871,0.45,0.036,1.814,0.293,0.0,0.171,0.057,0.264,0.193,1.243,0.236,1.05,0.121,0.043
642,0.0,0.361,0.333,0.0,0.0,1.083,0.972,0.278,1.889,0.222,0.472,0.056,0.0,0.361,0.694,1.0,0.361,0.667,0.111,0.222
643,0.0,2.042,0.688,0.0,0.0,0.604,2.042,0.0,1.125,0.271,0.0,0.0,0.396,0.0,0.208,0.167,0.604,1.417,0.083,0.0
644,0.0,0.231,0.385,0.256,0.308,2.308,0.308,0.0,1.795,0.282,0.0,0.41,0.0,0.103,0.41,0.821,0.333,0.385,0.128,0.0
645,0.0,0.55,1.267,0.217,0.567,1.45,0.45,0.0,1.367,0.733,0.117,0.133,0.0,0.217,0.467,0.55,0.65,0.867,0.35,0.233
646,0.0,0.864,1.26,0.929,1.426,2.698,0.237,0.0,0.775,0.71,0.0,0.201,0.089,0.609,0.154,0.692,1.083,0.467,0.053,0.136
647,0.0,0.673,0.307,0.093,0.127,0.947,1.687,0.033,2.62,0.12,0.267,0.227,0.0,0.06,0.42,0.427,0.293,1.58,0.187,0.087
648,0.016,0.547,0.363,0.139,0.129,1.547,0.893,0.381,2.104,0.199,0.016,0.018,0.043,0.072,0.166,0.609,0.121,0.699,0.305,0.039
649,0.0,0.922,0.611,0.178,0.256,1.611,0.656,0.0,1.578,0.311,0.0,0.078,0.111,0.189,0.211,0.922,0.3,1.233,0.189,0.1
650,0.0,1.414,1.0,0.0,0.0,0.655,0.414,0.0,1.793,0.0,0.0,0.103,0.0,0.0,0.103,1.034,0.379,1.448,0.0,0.0
651,0.0,1.4,1.8,0.25,0.4,1.8,0.2,0.0,1.65,0.4,0.0,0.2,0.0,0.4,0.0,1.1,0.7,0.0,0.4,0.0
652,0.034,0.906,0.646,0.208,0.238,1.963,0.328,0.0,2.024,0.373,0.03,0.06,0.058,0.152,0.11,1.552,0.586,0.708,0.049,0.0
653,0.0,0.431,1.373,0.647,1.353,2.392,0.02,0.0,2.0,0.549,0.0,0.098,0.275,0.353,0.196,1.0,0.451,0.333,0.157,0.137
654,0.0,1.219,1.185,0.285,0.451,1.875,0.565,0.038,1.474,0.533,0.029,0.29,0.11,0.219,0.306,0.737,0.767,1.066,0.126,0.069
655,0.0,1.286,1.319,0.243,0.319,2.429,0.714,0.0,0.848,1.048,0.086,0.595,0.295,0.2,0.381,0.562,0.733,0.957,0.048,0.114
656,0.0,0.617,0.758,0.359,0.406,1.664,0.453,0.0,2.664,0.328,0.078,0.266,0.0,0.227,0.523,1.047,0.391,0.641,0.297,0.031
657,0.0,1.0,1.1,0.15,0.15,1.0,1.25,0.0,1.95,0.15,0.0,0.45,0.35,0.15,0.15,0.45,0.5,2.0,0.35,0.2
658,0.0,0.75,0.533,0.467,0.65,1.467,0.633,0.0,2.8,0.567,0.067,0.133,0.217,0.467,0.267,1.417,0.2,0.733,0.783,0.133
659,0.0,0.704,0.528,0.056,0.12,0.775,0.549,0.028,2.099,0.232,0.0,0.141,0.07,0.085,0.324,0.887,0.437,0.958,0.197,0.063
660,0.0,2.413,2.587,1.06,0.815,1.022,0.299,0.0,0.967,1.049,0.0,0.005,1.538,0.098,0.522,0.408,1.957,0.88,0.174,0.054
661,0.0,0.606,1.091,0.121,0.121,1.258,0.515,0.0,2.803,0.303,0.0,0.0,0.0,0.0,0.136,0.227,0.394,0.303,0.409,0.0
662,0.0,0.879,0.828,0.19,0.552,1.328,0.379,0.0,1.569,0.345,0.0,0.0,0.19,0.19,0.103,0.948,0.259,1.0,0.241,0.155
663,0.0,1.577,1.788,0.5,0.654,2.038,0.308,0.0,1.135,0.308,0.0,0.154,0.0,0.0,0.269,0.404,1.173,1.135,0.154,0.0
664,0.0,1.83,0.951,0.145,0.105,0.886,1.028,0.008,1.58,0.394,0.044,0.435,0.33,0.02,0.595,0.363,1.151,1.77,0.219,0.024
665,0.0,0.585,0.659,0.394,0.652,1.525,0.306,0.0,1.454,0.435,0.0,0.141,0.032,0.309,0.104,0.991,0.325,0.541,0.108,0.067
666,0.0,0.925,0.775,0.125,0.2,1.15,0.625,0.125,1.1,0.1,0.0,0.15,0.15,0.125,0.0,0.6,0.35,1.075,0.25,0.2
667,0.0,0.721,0.368,0.353,0.353,1.368,0.647,0.0,2.235,0.294,0.0,0.0,0.059,0.162,0.118,1.103,0.25,1.029,0.338,0.132
668,0.0,0.35,0.3,0.45,0.15,1.55,1.6,0.0,2.8,0.4,0.0,0.25,0.0,0.0,0.15,0.25,0.0,0.9,0.45,0.0
669,0.0,0.919,0.514,0.0,0.0,1.378,0.405,0.0,1.108,0.081,0.135,0.486,0.0,0.0,0.297,0.351,0.622,1.081,0.0,0.135
670,0.0,0.581,0.548,0.129,0.258,0.871,1.032,0.0,2.065,0.323,0.097,0.161,0.097,0.0,0.484,0.839,0.484,1.258,0.419,0.032
671,0.0,0.765,1.03,0.443,0.565,1.657,0.704,0.104,1.709,0.652,0.0,0.07,0.035,0.296,0.148,0.774,0.422,0.67,0.235,0.152
